,lastOnlineDate
0,2015-04-25T20:43:26Z
1,2015-04-26T09:19:35Z
2,2015-04-06T14:24:07Z
3,2015-04-07T11:21:01Z
4,2015-04-06T14:25:20Z
5,2015-04-08T14:37:51Z
6,2015-04-27T19:29:58Z
7,2015-04-08T14:18:11Z
8,2015-04-07T20:01:55Z
9,2015-04-06T16:10:49Z
10,2015-04-26T11:23:41Z
11,2015-04-08T14:34:25Z
12,2015-04-06T14:52:17Z
13,2015-04-26T10:04:30Z
14,2015-04-08T14:49:55Z
15,2015-04-26T17:19:17Z
16,2015-04-06T14:57:34Z
17,2015-04-25T04:36:43Z
18,2015-04-26T10:26:08Z
19,2015-04-25T18:11:13Z
20,2015-04-26T08:07:07Z
21,2015-04-08T15:09:19Z
22,2015-04-25T21:35:40Z
23,2015-04-06T18:52:15Z
24,2015-04-07T20:21:17Z
25,2015-04-25T13:18:14Z
26,2015-04-26T11:50:47Z
27,2015-04-06T11:59:59Z
28,2015-04-26T08:18:01Z
29,2015-04-08T15:09:04Z
30,2015-04-08T10:38:36Z
31,2015-04-08T15:14:36Z
32,2015-04-07T20:11:54Z
33,2015-04-08T14:22:46Z
34,2015-04-26T11:45:05Z
35,2015-04-08T10:14:15Z
36,2015-04-26T10:22:03Z
37,2015-04-07T21:42:20Z
38,2015-04-08T15:00:57Z
39,2015-04-26T01:17:35Z
40,2015-04-26T10:33:15Z
41,2015-04-08T10:30:12Z
42,2015-04-26T10:04:56Z
43,2015-04-26T11:33:56Z
44,2015-04-26T09:28:25Z
45,2015-04-25T21:30:49Z
46,2015-04-24T20:24:47Z
47,2015-04-06T15:59:11Z
48,2015-04-26T15:02:47Z
49,2015-05-03T09:23:44Z
50,2015-04-03T19:07:41Z
51,2015-04-26T10:32:36Z
52,2015-04-26T11:04:45Z
53,2015-04-26T11:47:04Z
54,2015-03-21T19:56:34Z
55,2015-04-08T15:28:46Z
56,2015-04-06T15:56:28Z
57,2015-04-25T15:54:14Z
58,2015-04-25T22:03:56Z
59,2015-04-06T14:56:52Z
60,2015-04-26T11:04:52Z
61,2015-04-26T10:58:12Z
62,2015-04-08T15:19:24Z
63,2015-04-06T15:10:37Z
64,2015-04-26T08:04:51Z
65,2015-04-06T14:29:14Z
66,2015-04-19T21:33:57Z
67,2015-04-26T11:50:23Z
68,2015-04-24T16:00:56Z
69,2015-04-08T13:59:53Z
70,2015-04-26T11:20:43Z
71,2015-04-06T14:55:00Z
72,2015-04-26T00:27:47Z
73,2015-04-06T14:26:46Z
74,2015-04-25T22:40:58Z
75,2015-04-06T13:43:36Z
76,2015-04-26T11:47:45Z
77,2015-04-08T11:19:53Z
78,2015-04-06T15:55:21Z
79,2015-04-26T16:40:40Z
80,2015-04-26T10:04:18Z
81,2015-04-11T16:42:35Z
82,2015-04-26T18:52:03Z
83,2015-04-05T21:32:21Z
84,2015-04-06T14:54:27Z
85,2015-04-08T14:32:44Z
86,2015-04-06T14:54:50Z
87,2015-04-06T16:15:58Z
88,2015-04-06T15:57:03Z
89,2015-04-27T19:39:30Z
90,2015-04-26T10:45:05Z
91,2015-04-06T14:28:46Z
92,2015-04-06T14:51:55Z
93,2015-04-07T11:45:28Z
94,2015-04-27T19:28:28Z
95,2015-04-06T15:03:30Z
96,2015-05-03T07:54:04Z
97,2015-04-26T06:07:35Z
98,2015-04-06T13:42:42Z
99,2015-04-26T18:51:54Z
100,2015-04-06T14:55:12Z
101,2015-04-06T14:23:23Z
102,2015-04-25T14:58:10Z
103,2015-04-06T14:56:57Z
104,2015-04-26T06:25:36Z
105,2015-04-06T17:04:43Z
106,2015-04-06T14:53:57Z
107,2015-04-01T18:07:07Z
108,2015-04-26T17:27:46Z
109,2015-04-06T16:05:07Z
110,2015-04-26T07:39:14Z
111,2015-04-25T14:41:28Z
112,2015-04-26T09:14:13Z
113,2015-04-06T14:52:29Z
114,2015-04-23T07:24:45Z
115,2015-04-26T11:29:51Z
116,2015-04-06T14:59:15Z
117,2015-04-28T10:09:40Z
118,2015-04-25T23:05:59Z
119,2015-04-08T14:23:53Z
120,2015-04-06T16:01:40Z
121,2015-04-23T16:43:48Z
122,2015-04-06T16:13:49Z
123,2015-04-08T09:51:56Z
124,2015-04-26T18:34:40Z
125,2015-04-08T14:31:07Z
126,2015-04-26T01:48:52Z
127,2015-04-20T19:10:05Z
128,2015-04-08T06:16:21Z
129,2015-04-06T14:23:27Z
130,2015-04-25T18:12:31Z
131,2015-04-26T07:12:42Z
132,2015-04-26T13:03:06Z
133,2015-04-26T11:13:44Z
134,2015-04-08T09:02:04Z
135,2015-04-07T13:08:00Z
136,2015-04-25T15:15:01Z
137,2015-04-26T11:22:48Z
138,2015-04-05T08:32:49Z
139,2015-04-26T00:25:45Z
140,2015-04-25T21:42:23Z
141,2015-04-26T10:19:55Z
142,2015-04-06T14:53:44Z
143,2015-04-06T15:37:37Z
144,2015-04-08T11:49:59Z
145,2015-04-26T09:17:31Z
146,2015-04-06T16:04:45Z
147,2015-04-05T21:05:24Z
148,2015-04-27T19:16:45Z
149,2015-04-07T08:03:12Z
150,2015-04-26T18:39:49Z
151,2015-04-26T09:05:54Z
152,2015-04-08T14:40:32Z
153,2015-04-06T14:57:05Z
154,2015-04-26T14:38:10Z
155,2015-04-19T11:42:53Z
156,2015-04-06T08:51:30Z
157,2015-04-06T09:08:44Z
158,2015-04-26T10:56:23Z
159,2015-04-06T14:25:06Z
160,2015-04-06T14:31:52Z
161,2015-04-06T14:31:14Z
162,2015-04-06T15:55:29Z
163,2015-04-25T10:31:30Z
164,2015-04-06T16:10:50Z
165,2015-04-05T23:36:29Z
166,2015-04-06T14:47:30Z
167,2015-04-26T09:54:19Z
168,2015-04-26T10:43:26Z
169,2015-04-19T10:58:03Z
170,2015-04-08T08:02:40Z
171,2015-04-06T14:55:03Z
172,2015-04-12T20:12:10Z
173,2015-04-26T06:49:13Z
174,2015-04-04T09:39:11Z
175,2015-04-07T12:27:38Z
176,2015-04-08T15:24:21Z
177,2015-04-25T22:46:13Z
178,2015-04-06T15:31:04Z
179,2015-04-06T16:16:51Z
180,2015-04-06T14:57:12Z
181,2015-04-06T14:56:50Z
182,2015-04-26T15:17:12Z
183,2015-04-06T14:25:49Z
184,2015-04-23T10:40:27Z
185,2015-04-06T14:23:16Z
186,2015-04-07T20:03:44Z
187,2015-04-26T18:50:53Z
188,2015-04-06T15:55:11Z
189,2015-04-06T15:48:21Z
190,2015-04-19T11:33:30Z
191,2015-04-06T14:30:22Z
192,2015-04-06T14:23:52Z
193,2015-04-11T19:28:04Z
194,2015-04-24T05:35:31Z
195,2015-04-06T12:55:40Z
196,2015-04-25T19:56:14Z
197,2015-04-08T13:48:14Z
198,2015-04-25T19:22:43Z
199,2015-04-06T14:52:17Z
200,2015-04-08T14:21:27Z
201,2015-04-06T16:00:57Z
202,2015-04-26T10:09:33Z
203,2015-04-06T15:36:38Z
204,2015-04-06T15:35:57Z
205,2015-03-28T09:08:19Z
206,2015-04-06T10:53:15Z
207,2015-04-06T10:02:01Z
208,2015-04-26T09:30:35Z
209,2015-04-23T07:41:25Z
210,2015-04-08T15:15:54Z
211,2015-04-18T23:56:13Z
212,2015-04-26T09:38:48Z
213,2015-04-26T11:09:06Z
214,2015-04-08T10:12:53Z
215,2015-04-26T18:15:17Z
216,2015-04-08T13:21:05Z
217,2015-04-07T21:11:18Z
218,2015-04-06T14:25:41Z
219,2015-04-26T11:46:29Z
220,2015-04-25T22:57:31Z
221,2015-04-07T07:13:55Z
222,2015-04-05T08:37:00Z
223,2015-04-08T13:58:13Z
224,2015-04-26T17:16:59Z
225,2015-04-06T15:05:53Z
226,2015-04-26T10:20:33Z
227,2015-04-03T12:16:17Z
228,2015-04-26T09:22:07Z
229,2015-04-06T14:54:14Z
230,2015-04-26T09:20:08Z
231,2015-04-27T19:34:55Z
232,2015-04-06T16:10:59Z
233,2015-04-26T04:53:17Z
234,2015-04-26T00:02:28Z
235,2015-04-26T18:56:58Z
236,2015-03-29T14:56:53Z
237,2015-04-06T14:47:43Z
238,2015-04-05T20:43:28Z
239,2015-04-26T10:44:01Z
240,2015-04-07T10:49:18Z
241,2015-04-11T21:58:47Z
242,2015-04-07T20:46:59Z
243,2015-04-08T15:20:43Z
244,2015-04-19T23:25:10Z
245,2015-04-06T15:00:04Z
246,2015-04-06T16:00:51Z
247,2015-04-06T15:57:01Z
248,2015-04-06T14:47:10Z
249,2015-04-07T16:57:16Z
250,2015-04-06T14:26:02Z
251,2015-04-06T14:51:40Z
252,2015-04-06T11:57:06Z
253,2015-04-07T23:47:03Z
254,2015-04-07T12:16:42Z
255,2015-04-08T14:22:51Z
256,2015-04-06T14:29:11Z
257,2015-04-26T07:44:38Z
258,2015-03-22T17:54:55Z
259,2015-04-18T19:17:07Z
260,2015-04-06T15:29:45Z
261,2015-04-25T21:13:55Z
262,2015-04-06T14:54:54Z
263,2015-04-06T15:12:23Z
264,2015-04-08T04:18:39Z
265,2015-04-08T14:59:42Z
266,2015-04-08T07:30:24Z
267,2015-04-06T14:51:56Z
268,2015-03-27T20:41:39Z
269,2015-04-25T19:01:36Z
270,2015-04-07T18:49:13Z
271,2015-04-06T15:00:03Z
272,2015-04-25T23:42:44Z
273,2015-04-06T15:02:53Z
274,2015-04-06T13:26:02Z
275,2015-04-01T15:57:06Z
276,2015-04-06T12:56:09Z
277,2015-04-08T09:37:02Z
278,2015-04-07T08:31:03Z
279,2015-04-26T10:28:21Z
280,2015-04-06T11:29:19Z
281,2015-04-08T12:54:13Z
282,2015-04-08T14:32:56Z
283,2015-04-25T18:14:39Z
284,2015-04-08T07:26:26Z
285,2015-04-25T10:53:54Z
286,2015-04-06T15:02:52Z
287,2015-04-25T08:43:45Z
288,2015-04-07T21:51:27Z
289,2015-04-19T10:54:14Z
290,2015-04-21T16:05:33Z
291,2015-04-26T04:43:03Z
292,2015-04-07T05:47:04Z
293,2015-04-26T11:45:03Z
294,2015-04-26T18:40:01Z
295,2015-04-25T14:31:47Z
296,2015-04-21T10:24:42Z
297,2015-04-08T14:10:12Z
298,2015-04-25T22:51:08Z
299,2015-05-02T13:43:05Z
300,2015-04-04T18:48:41Z
301,2015-04-26T10:04:14Z
302,2015-04-25T20:41:22Z
303,2015-04-26T02:44:14Z
304,2015-04-06T14:47:55Z
305,2015-04-19T04:15:10Z
306,2015-04-26T11:53:59Z
307,2015-04-06T14:52:04Z
308,2015-04-08T15:28:21Z
309,2015-04-26T12:00:35Z
310,2015-04-25T16:43:26Z
311,2015-04-06T13:32:07Z
312,2015-05-03T09:23:15Z
313,2015-04-06T11:30:51Z
314,2015-04-22T10:16:35Z
315,2015-04-26T11:24:58Z
316,2015-04-06T19:53:47Z
317,2015-04-26T12:16:20Z
318,2015-04-08T15:06:31Z
319,2015-04-07T10:03:12Z
320,2015-04-06T23:54:34Z
321,2015-04-25T22:11:55Z
322,2015-04-06T10:48:43Z
323,2015-04-08T09:41:05Z
324,2015-04-19T10:10:43Z
325,2015-04-06T14:20:34Z
326,2015-04-06T15:56:32Z
327,2015-04-06T15:55:39Z
328,2015-04-24T13:52:38Z
329,2015-04-08T11:08:13Z
330,2015-04-08T15:04:09Z
331,2015-04-27T19:30:50Z
332,2015-04-26T09:38:45Z
333,2015-04-26T11:31:35Z
334,2015-04-07T17:11:56Z
335,2015-04-14T22:37:26Z
336,2015-04-26T03:46:05Z
337,2015-04-08T12:31:56Z
338,2015-04-08T13:14:00Z
339,2015-04-08T12:04:14Z
340,2015-04-06T14:58:51Z
341,2015-04-19T11:51:08Z
342,2015-04-06T13:19:28Z
343,2015-04-06T15:57:14Z
344,2015-04-08T12:06:40Z
345,2015-04-26T11:00:54Z
346,2015-04-19T00:12:30Z
347,2015-04-11T20:25:46Z
348,2015-04-06T14:23:22Z
349,2015-04-05T10:37:52Z
350,2015-04-08T12:11:50Z
351,2015-04-06T14:54:22Z
352,2015-04-06T14:47:30Z
353,2015-04-08T15:26:20Z
354,2015-04-08T13:14:31Z
355,2015-04-08T13:08:48Z
356,2015-04-08T15:23:31Z
357,2015-04-26T06:00:03Z
358,2015-04-06T16:04:30Z
359,2015-04-26T02:10:56Z
360,2015-04-27T19:30:32Z
361,2015-04-03T17:33:59Z
362,2015-04-06T19:50:29Z
363,2015-04-04T22:10:26Z
364,2015-04-08T15:26:02Z
365,2015-04-06T14:59:06Z
366,2015-04-08T12:51:16Z
367,2015-04-08T14:42:16Z
368,2015-04-06T15:19:26Z
369,2015-04-06T14:30:26Z
370,2015-04-26T16:41:01Z
371,2015-04-07T22:34:20Z
372,2015-04-08T14:14:40Z
373,2015-04-07T12:08:12Z
374,2015-04-06T14:57:41Z
375,2015-04-24T21:26:29Z
376,2015-04-06T14:26:02Z
377,2015-04-26T11:47:02Z
378,2015-04-08T15:06:01Z
379,2015-04-06T13:33:01Z
380,2015-04-06T14:25:42Z
381,2015-04-06T13:39:49Z
382,2015-04-26T08:06:06Z
383,2015-04-26T11:32:05Z
384,2015-04-19T11:48:38Z
385,2015-04-06T15:32:32Z
386,2015-04-08T15:20:18Z
387,2015-04-27T19:39:40Z
388,2015-04-06T16:52:47Z
389,2015-04-06T15:06:45Z
390,2015-04-06T16:03:00Z
391,2015-04-08T11:40:35Z
392,2015-04-27T19:40:44Z
393,2015-04-06T16:10:58Z
394,2015-03-26T21:50:33Z
395,2015-04-06T14:26:03Z
396,2015-04-06T11:33:19Z
397,2015-04-25T23:04:29Z
398,2015-04-06T15:57:11Z
399,2015-04-06T16:00:48Z
400,2015-04-06T14:54:04Z
401,2015-04-06T16:01:54Z
402,2015-04-01T12:39:39Z
403,2015-04-06T09:19:12Z
404,2015-04-06T14:52:46Z
405,2015-04-26T11:12:12Z
406,2015-03-30T03:36:14Z
407,2015-04-06T16:02:32Z
408,2015-04-26T10:27:11Z
409,2015-04-06T16:05:27Z
410,2015-04-26T05:56:12Z
411,2015-04-26T11:41:00Z
412,2015-04-26T18:52:35Z
413,2015-04-15T06:37:58Z
414,2015-04-27T19:24:18Z
415,2015-04-06T14:53:33Z
416,2015-04-26T08:48:34Z
417,2015-04-27T19:27:46Z
418,2015-04-22T19:53:31Z
419,2015-04-06T14:53:56Z
420,2015-05-02T15:33:45Z
421,2015-04-26T11:27:49Z
422,2015-04-26T11:34:45Z
423,2015-04-08T10:00:38Z
424,2015-04-18T19:38:31Z
425,2015-04-26T12:50:24Z
426,2015-04-06T14:53:12Z
427,2015-04-25T03:00:17Z
428,2015-04-08T12:54:17Z
429,2015-04-06T12:47:22Z
430,2015-04-06T16:36:02Z
431,2015-04-13T01:02:02Z
432,2015-05-03T02:40:39Z
433,2015-04-26T11:41:40Z
434,2015-04-26T11:24:10Z
435,2015-04-25T06:52:16Z
436,2015-04-08T09:46:16Z
437,2015-04-06T07:59:25Z
438,2015-04-19T05:59:31Z
439,2015-04-06T11:15:41Z
440,2015-04-06T14:16:57Z
441,2015-04-07T02:40:26Z
442,2015-04-26T00:02:50Z
443,2015-04-26T08:34:38Z
444,2015-04-06T16:13:50Z
445,2015-04-26T10:38:39Z
446,2015-04-19T03:48:37Z
447,2015-04-08T06:37:32Z
448,2015-04-07T10:03:55Z
449,2015-04-06T14:57:30Z
450,2015-04-05T00:00:13Z
451,2015-04-06T16:10:39Z
452,2015-04-26T11:38:24Z
453,2015-03-31T19:10:32Z
454,2015-04-07T19:05:25Z
455,2015-04-06T15:34:15Z
456,2015-04-06T14:23:33Z
457,2015-04-26T10:27:18Z
458,2015-04-06T14:49:10Z
459,2015-04-27T19:28:50Z
460,2015-04-24T18:45:19Z
461,2015-04-07T19:47:58Z
462,2015-04-25T22:26:53Z
463,2015-04-27T19:39:27Z
464,2015-04-11T20:15:37Z
465,2015-04-06T15:00:06Z
466,2015-04-06T16:10:34Z
467,2015-03-30T20:18:06Z
468,2015-04-06T16:00:58Z
469,2015-04-26T01:03:14Z
470,2015-04-26T18:37:38Z
471,2015-04-06T16:03:33Z
472,2015-04-26T09:29:46Z
473,2015-04-06T15:58:03Z
474,2015-04-02T15:00:06Z
475,2015-03-29T23:54:21Z
476,2015-04-25T15:48:56Z
477,2015-04-25T13:13:25Z
478,2015-04-04T01:05:48Z
479,2015-04-06T14:57:11Z
480,2015-04-26T06:21:14Z
481,2015-04-26T11:25:56Z
482,2015-04-06T16:11:52Z
483,2015-04-07T12:02:07Z
484,2015-04-26T09:54:20Z
485,2015-05-03T03:24:45Z
486,2015-04-06T14:23:55Z
487,2015-04-06T14:28:54Z
488,2015-04-06T14:54:04Z
489,2015-04-18T18:42:43Z
490,2015-04-24T17:45:13Z
491,2015-04-06T14:59:23Z
492,2015-04-11T20:35:39Z
493,2015-04-06T14:25:39Z
494,2015-04-26T11:34:30Z
495,2015-04-26T10:46:55Z
496,2015-04-06T14:54:27Z
497,2015-04-08T15:06:49Z
498,2015-04-06T14:56:34Z
499,2015-04-04T17:16:32Z
500,2015-04-27T19:20:31Z
501,2015-04-11T22:35:04Z
502,2015-04-27T19:23:05Z
503,2015-04-26T13:46:42Z
504,2015-04-22T13:43:43Z
505,2015-04-11T22:40:29Z
506,2015-05-03T09:58:31Z
507,2015-04-08T07:34:56Z
508,2015-04-08T04:15:47Z
509,2015-04-08T14:09:27Z
510,2015-04-17T10:07:15Z
511,2015-04-27T19:23:12Z
512,2015-04-25T18:06:25Z
513,2015-03-26T19:13:42Z
514,2015-04-25T13:38:42Z
515,2015-04-06T15:19:29Z
516,2015-04-19T11:26:15Z
517,2015-04-06T16:02:14Z
518,2015-04-08T15:15:43Z
519,2015-04-25T21:45:10Z
520,2015-04-11T22:41:21Z
521,2015-04-24T20:19:48Z
522,2015-04-27T19:29:11Z
523,2015-04-26T15:01:25Z
524,2015-04-26T11:31:27Z
525,2015-04-06T14:57:55Z
526,2015-04-05T22:10:35Z
527,2015-04-07T23:32:04Z
528,2015-04-26T11:48:34Z
529,2015-04-06T14:54:53Z
530,2015-04-26T07:59:28Z
531,2015-04-23T19:37:46Z
532,2015-04-06T16:13:29Z
533,2015-04-04T20:49:04Z
534,2015-04-06T10:15:17Z
535,2015-04-08T12:12:47Z
536,2015-04-06T16:05:35Z
537,2015-04-24T13:07:46Z
538,2015-04-06T14:01:57Z
539,2015-04-07T21:41:49Z
540,2015-04-06T16:05:23Z
541,2015-03-29T13:40:35Z
542,2015-04-05T15:01:39Z
543,2015-04-03T19:32:51Z
544,2015-04-06T14:51:06Z
545,2015-04-08T06:17:07Z
546,2015-04-26T11:23:27Z
547,2015-04-25T18:29:34Z
548,2015-04-26T13:23:07Z
549,2015-04-25T18:59:32Z
550,2015-04-25T11:55:22Z
551,2015-04-06T16:02:57Z
552,2015-04-26T11:48:09Z
553,2015-04-26T13:22:10Z
554,2015-04-26T11:26:37Z
555,2015-05-03T09:36:58Z
556,2015-04-26T09:50:19Z
557,2015-04-07T19:59:17Z
558,2015-04-08T14:27:27Z
559,2015-04-06T16:05:06Z
560,2015-04-26T10:36:58Z
561,2015-04-24T19:45:04Z
562,2015-04-02T13:44:53Z
563,2015-04-27T19:19:52Z
564,2015-04-06T14:55:40Z
565,2015-04-06T13:15:04Z
566,2015-04-06T14:23:36Z
567,2015-04-08T10:51:15Z
568,2015-04-06T14:55:18Z
569,2015-04-22T08:44:42Z
570,2015-04-07T20:21:03Z
571,2015-04-08T15:20:32Z
572,2015-04-06T15:38:27Z
573,2015-04-07T20:39:53Z
574,2015-04-26T11:05:20Z
575,2015-04-06T20:08:49Z
576,2015-04-22T19:55:47Z
577,2015-03-31T19:09:46Z
578,2015-04-08T14:09:17Z
579,2015-04-06T16:06:04Z
580,2015-04-26T09:01:17Z
581,2015-04-19T11:56:02Z
582,2015-04-11T21:08:02Z
583,2015-04-07T20:56:48Z
584,2015-04-26T16:54:40Z
585,2015-04-06T07:30:16Z
586,2015-04-26T09:10:19Z
587,2015-04-08T08:38:06Z
588,2015-04-26T09:29:27Z
589,2015-04-06T14:54:40Z
590,2015-04-06T14:58:24Z
591,2015-04-06T14:54:41Z
592,2015-04-06T14:25:22Z
593,2015-04-26T18:00:07Z
594,2015-04-27T19:30:34Z
595,2015-04-07T23:27:20Z
596,2015-04-27T19:19:19Z
597,2015-04-06T14:47:57Z
598,2015-04-27T19:28:39Z
599,2015-04-07T08:39:23Z
600,2015-04-08T08:30:46Z
601,2015-04-26T08:49:54Z
602,2015-04-26T09:10:50Z
603,2015-04-26T10:18:01Z
604,2015-04-08T12:25:05Z
605,2015-04-08T15:02:24Z
606,2015-04-06T14:25:35Z
607,2015-04-26T09:16:28Z
608,2015-04-06T14:47:09Z
609,2015-04-06T16:06:09Z
610,2015-04-26T10:30:34Z
611,2015-04-25T20:44:50Z
612,2015-04-06T11:02:16Z
613,2015-04-08T15:19:34Z
614,2015-05-03T02:04:22Z
615,2015-04-25T22:00:39Z
616,2015-04-24T09:23:16Z
617,2015-04-08T02:36:52Z
618,2015-03-30T18:49:10Z
619,2015-04-08T09:08:57Z
620,2015-04-07T19:04:39Z
621,2015-04-06T15:55:37Z
622,2015-04-06T07:51:47Z
623,2015-04-07T12:25:47Z
624,2015-04-05T20:17:43Z
625,2015-04-19T11:30:27Z
626,2015-04-06T14:53:27Z
627,2015-04-19T11:52:47Z
628,2015-04-06T14:28:48Z
629,2015-04-24T05:53:45Z
630,2015-04-06T16:10:33Z
631,2015-04-26T11:35:01Z
632,2015-04-26T09:54:39Z
633,2015-04-05T15:42:36Z
634,2015-04-26T07:28:17Z
635,2015-04-08T14:50:30Z
636,2015-04-25T13:47:06Z
637,2015-04-26T11:04:06Z
638,2015-04-06T14:54:02Z
639,2015-04-08T05:44:05Z
640,2015-04-06T10:05:35Z
641,2015-04-26T08:23:44Z
642,2015-04-26T18:22:00Z
643,2015-04-08T12:10:01Z
644,2015-04-06T14:25:53Z
645,2015-04-04T18:01:52Z
646,2015-04-07T07:37:57Z
647,2015-04-26T10:03:23Z
648,2015-04-26T19:01:10Z
649,2015-04-25T21:45:09Z
650,2015-04-26T11:10:10Z
651,2015-05-02T22:22:33Z
652,2015-04-06T12:21:28Z
653,2015-04-08T15:24:02Z
654,2015-04-26T15:04:10Z
655,2015-04-11T22:34:39Z
656,2015-04-07T21:32:29Z
657,2015-04-15T22:43:08Z
658,2015-04-26T10:44:05Z
659,2015-04-06T07:46:06Z
660,2015-04-26T07:47:46Z
661,2015-04-24T10:53:32Z
662,2015-04-07T17:16:08Z
663,2015-04-07T10:10:19Z
664,2015-04-11T21:26:59Z
665,2015-04-29T15:19:09Z
666,2015-04-27T19:15:18Z
667,2015-04-05T12:19:52Z
668,2015-04-08T05:26:00Z
669,2015-04-06T15:56:57Z
670,2015-04-13T14:47:35Z
671,2015-04-25T16:11:44Z
672,2015-04-08T03:46:32Z
673,2015-04-15T10:12:59Z
674,2015-04-06T16:13:32Z
675,2015-04-26T10:09:11Z
676,2015-03-30T20:18:49Z
677,2015-04-26T11:25:21Z
678,2015-04-08T14:31:48Z
679,2015-04-08T13:17:23Z
680,2015-04-26T11:30:05Z
681,2015-04-22T04:40:49Z
682,2015-04-06T16:13:52Z
683,2015-04-19T11:37:22Z
684,2015-04-19T09:26:07Z
685,2015-04-25T21:11:06Z
686,2015-04-26T06:17:32Z
687,2015-04-08T10:17:50Z
688,2015-04-24T18:57:46Z
689,2015-04-08T12:26:43Z
690,2015-04-19T13:59:47Z
691,2015-04-17T20:55:56Z
692,2015-04-26T12:14:00Z
693,2015-04-26T11:08:46Z
694,2015-04-23T20:31:40Z
695,2015-04-25T19:35:31Z
696,2015-04-06T14:47:48Z
697,2015-04-06T15:07:25Z
698,2015-04-06T14:45:28Z
699,2015-05-02T22:06:45Z
700,2015-04-06T10:19:49Z
701,2015-04-07T15:25:39Z
702,2015-04-08T07:24:04Z
703,2015-04-26T08:20:46Z
704,2015-04-19T11:43:02Z
705,2015-04-26T18:52:16Z
706,2015-04-06T14:51:43Z
707,2015-04-26T09:40:15Z
708,2015-04-06T14:52:43Z
709,2015-03-22T22:47:02Z
710,2015-04-07T19:34:07Z
711,2015-04-25T06:50:50Z
712,2015-04-06T14:42:07Z
713,2015-04-26T16:45:36Z
714,2015-04-26T19:02:41Z
715,2015-04-26T19:00:05Z
716,2015-04-05T18:05:26Z
717,2015-04-19T15:41:35Z
718,2015-04-08T15:02:00Z
719,2015-04-06T14:54:59Z
720,2015-04-26T12:54:47Z
721,2015-04-08T11:27:44Z
722,2015-04-08T13:05:07Z
723,2015-04-07T14:53:30Z
724,2015-04-25T19:01:30Z
725,2015-04-19T23:31:08Z
726,2015-04-08T15:25:51Z
727,2015-04-26T08:09:15Z
728,2015-05-01T19:54:20Z
729,2015-04-27T19:10:38Z
730,2015-04-26T10:59:35Z
731,2015-04-06T15:54:01Z
732,2015-04-06T14:57:54Z
733,2015-04-07T09:57:34Z
734,2015-04-29T22:20:05Z
735,2015-04-06T16:11:43Z
736,2015-04-08T12:41:40Z
737,2015-04-02T23:37:44Z
738,2015-04-06T14:29:03Z
739,2015-03-30T20:40:35Z
740,2015-04-26T17:35:32Z
741,2015-04-26T11:40:12Z
742,2015-04-27T19:38:45Z
743,2015-04-06T14:47:54Z
744,2015-04-06T16:04:33Z
745,2015-04-08T12:48:41Z
746,2015-04-08T15:08:23Z
747,2015-04-06T11:01:11Z
748,2015-04-24T21:01:18Z
749,2015-04-08T12:47:33Z
750,2015-04-03T21:41:27Z
751,2015-04-06T14:54:22Z
752,2015-04-07T12:20:55Z
753,2015-04-25T04:10:44Z
754,2015-04-14T17:32:37Z
755,2015-04-07T10:12:47Z
756,2015-04-06T14:23:24Z
757,2015-04-27T19:27:58Z
758,2015-04-17T11:06:32Z
759,2015-04-20T05:49:23Z
760,2015-04-06T14:54:09Z
761,2015-04-08T08:51:01Z
762,2015-05-03T01:44:27Z
763,2015-04-26T06:49:49Z
764,2015-04-26T09:19:56Z
765,2015-04-06T16:00:27Z
766,2015-04-06T14:47:44Z
767,2015-04-08T12:12:55Z
768,2015-04-27T19:16:30Z
769,2015-04-07T12:15:18Z
770,2015-04-11T21:56:14Z
771,2015-04-14T21:32:54Z
772,2015-04-06T09:33:05Z
773,2015-04-24T07:06:10Z
774,2015-04-25T17:33:29Z
775,2015-04-08T15:31:45Z
776,2015-04-26T08:47:59Z
777,2015-04-25T19:35:46Z
778,2015-04-25T11:38:16Z
779,2015-04-06T14:47:26Z
780,2015-04-08T11:08:46Z
781,2015-04-07T05:12:43Z
782,2015-04-25T19:54:37Z
783,2015-04-24T19:58:10Z
784,2015-04-19T10:41:39Z
785,2015-04-02T05:35:25Z
786,2015-04-20T13:46:30Z
787,2015-04-08T14:18:40Z
788,2015-04-26T01:30:10Z
789,2015-04-08T13:01:28Z
790,2015-04-27T19:28:17Z
791,2015-04-25T14:31:09Z
792,2015-04-08T09:25:05Z
793,2015-04-26T11:34:27Z
794,2015-04-05T14:22:38Z
795,2015-04-06T10:45:33Z
796,2015-04-06T10:49:48Z
797,2015-04-04T00:04:13Z
798,2015-04-22T09:53:01Z
799,2015-04-26T10:03:53Z
800,2015-04-26T17:55:56Z
801,2015-04-06T14:25:32Z
802,2015-04-06T13:22:18Z
803,2015-04-08T13:14:35Z
804,2015-04-06T12:09:24Z
805,2015-04-07T21:00:05Z
806,2015-04-25T17:09:16Z
807,2015-04-14T21:24:15Z
808,2015-04-05T22:44:28Z
809,2015-05-03T09:43:07Z
810,2015-04-26T10:07:37Z
811,2015-04-06T14:53:45Z
812,2015-04-06T23:36:54Z
813,2015-04-07T19:40:48Z
814,2015-04-06T14:51:52Z
815,2015-04-07T11:58:18Z
816,2015-04-06T15:57:13Z
817,2015-04-06T14:24:04Z
818,2015-04-26T09:04:42Z
819,2015-04-06T16:09:58Z
820,2015-04-25T21:23:16Z
821,2015-04-26T18:51:21Z
822,2015-04-26T18:54:29Z
823,2015-04-02T17:22:10Z
824,2015-04-20T22:45:45Z
825,2015-04-25T23:40:37Z
826,2015-04-26T08:32:51Z
827,2015-04-26T11:16:37Z
828,2015-04-23T20:19:14Z
829,2015-04-26T18:48:58Z
830,2015-04-08T11:47:28Z
831,2015-04-06T14:52:05Z
832,2015-04-06T14:26:11Z
833,2015-04-06T12:02:12Z
834,2015-04-07T17:15:27Z
835,2015-04-18T11:15:12Z
836,2015-04-26T18:56:22Z
837,2015-04-08T12:34:06Z
838,2015-04-06T14:52:37Z
839,2015-04-06T14:26:17Z
840,2015-04-24T19:48:01Z
841,2015-04-26T07:37:45Z
842,2015-04-06T14:17:40Z
843,2015-04-08T13:37:42Z
844,2015-04-26T01:14:14Z
845,2015-04-25T15:02:03Z
846,2015-04-26T18:49:04Z
847,2015-04-08T14:53:38Z
848,2015-04-06T14:25:03Z
849,2015-04-26T18:41:54Z
850,2015-04-07T11:15:53Z
851,2015-04-06T14:47:07Z
852,2015-04-08T15:25:43Z
853,2015-04-26T18:50:56Z
854,2015-04-26T15:23:02Z
855,2015-04-06T20:38:51Z
856,2015-04-08T01:12:32Z
857,2015-05-03T09:59:59Z
858,2015-04-13T17:25:09Z
859,2015-04-08T13:19:30Z
860,2015-04-06T14:57:35Z
861,2015-04-06T16:03:35Z
862,2015-04-27T19:15:09Z
863,2015-04-21T20:27:45Z
864,2015-04-08T11:21:06Z
865,2015-04-06T14:31:39Z
866,2015-04-06T16:10:35Z
867,2015-04-26T18:51:31Z
868,2015-04-06T14:23:27Z
869,2015-04-11T16:34:00Z
870,2015-04-06T16:11:39Z
871,2015-04-26T18:21:29Z
872,2015-04-08T11:04:58Z
873,2015-04-06T14:54:25Z
874,2015-04-08T15:28:53Z
875,2015-04-04T18:46:33Z
876,2015-04-06T14:56:59Z
877,2015-04-26T01:14:56Z
878,2015-04-26T10:35:20Z
879,2015-04-19T07:40:08Z
880,2015-04-26T18:52:59Z
881,2015-04-27T19:41:54Z
882,2015-04-06T16:00:54Z
883,2015-04-26T11:44:36Z
884,2015-04-08T14:44:57Z
885,2015-04-26T11:47:12Z
886,2015-04-19T08:11:38Z
887,2015-04-06T13:28:28Z
888,2015-04-05T20:32:31Z
889,2015-04-06T15:57:25Z
890,2015-04-07T22:44:07Z
891,2015-04-08T13:29:47Z
892,2015-04-07T12:21:56Z
893,2015-04-05T23:37:12Z
894,2015-04-26T09:04:25Z
895,2015-04-27T19:16:42Z
896,2015-04-06T14:47:30Z
897,2015-04-07T12:18:36Z
898,2015-04-06T14:26:06Z
899,2015-04-08T13:53:16Z
900,2015-04-01T21:57:48Z
901,2015-04-06T15:21:25Z
902,2015-04-25T23:06:14Z
903,2015-04-08T13:32:20Z
904,2015-04-05T23:03:03Z
905,2015-04-08T11:16:22Z
906,2015-04-06T14:59:58Z
907,2015-04-07T23:31:39Z
908,2015-04-06T14:23:23Z
909,2015-04-16T05:03:06Z
910,2015-04-06T22:47:27Z
911,2015-04-06T14:47:50Z
912,2015-04-26T11:59:38Z
913,2015-04-26T10:54:23Z
914,2015-04-25T23:24:00Z
915,2015-04-06T16:09:31Z
916,2015-04-08T14:31:38Z
917,2015-04-05T21:15:37Z
918,2015-04-07T12:22:34Z
919,2015-04-06T14:54:33Z
920,2015-04-06T14:57:42Z
921,2015-04-08T15:26:11Z
922,2015-04-08T14:44:31Z
923,2015-04-26T19:00:49Z
924,2015-04-06T14:24:03Z
925,2015-04-08T13:06:39Z
926,2015-04-07T08:01:03Z
927,2015-04-06T14:57:52Z
928,2015-04-06T15:03:19Z
929,2015-04-26T14:40:17Z
930,2015-04-20T11:32:50Z
931,2015-04-27T19:11:16Z
932,2015-04-06T15:59:15Z
933,2015-04-04T17:06:49Z
934,2015-04-26T11:49:53Z
935,2015-04-23T18:18:11Z
936,2015-04-08T15:15:38Z
937,2015-03-30T05:48:18Z
938,2015-04-06T15:29:44Z
939,2015-04-26T08:36:11Z
940,2015-04-26T11:21:03Z
941,2015-04-11T21:24:52Z
942,2015-04-06T06:47:07Z
943,2015-04-27T18:40:34Z
944,2015-04-06T14:25:43Z
945,2015-04-26T06:24:47Z
946,2015-04-26T18:53:21Z
947,2015-04-06T15:44:15Z
948,2015-04-08T10:06:22Z
949,2015-04-22T17:24:55Z
950,2015-04-08T06:13:44Z
951,2015-04-08T13:14:47Z
952,2015-04-04T20:54:00Z
953,2015-04-26T16:54:44Z
954,2015-04-06T14:54:36Z
955,2015-04-07T11:21:32Z
956,2015-04-06T14:14:14Z
957,2015-04-07T12:16:41Z
958,2015-04-08T14:04:10Z
959,2015-04-21T20:11:02Z
960,2015-04-06T16:11:30Z
961,2015-04-26T05:04:17Z
962,2015-04-27T19:21:41Z
963,2015-04-26T09:55:19Z
964,2015-04-08T08:54:34Z
965,2015-04-26T11:51:24Z
966,2015-04-07T18:13:55Z
967,2015-04-06T08:55:40Z
968,2015-04-19T13:22:55Z
969,2015-04-07T05:01:56Z
970,2015-04-07T11:58:16Z
971,2015-04-25T17:43:51Z
972,2015-04-08T15:22:48Z
973,2015-04-07T15:48:38Z
974,2015-04-07T12:12:39Z
975,2015-04-07T21:25:22Z
976,2015-04-26T11:31:56Z
977,2015-04-23T12:06:56Z
978,2015-04-06T14:53:42Z
979,2015-04-16T12:38:26Z
980,2015-04-06T12:33:45Z
981,2015-04-07T21:57:56Z
982,2015-04-25T12:58:22Z
983,2015-04-06T15:03:43Z
984,2015-04-19T23:54:56Z
985,2015-04-26T18:52:27Z
986,2015-04-25T09:32:52Z
987,2015-04-26T11:10:05Z
988,2015-04-06T14:59:10Z
989,2015-04-08T14:59:20Z
990,2015-04-19T07:40:37Z
991,2015-04-19T08:16:49Z
992,2015-04-26T05:53:26Z
993,2015-04-19T11:42:04Z
994,2015-04-07T11:59:40Z
995,2015-04-06T14:47:13Z
996,2015-04-26T11:41:45Z
997,2015-04-06T16:02:13Z
998,2015-04-06T15:00:09Z
999,2015-04-19T21:39:48Z
1000,2015-04-01T00:01:03Z
1001,2015-04-26T11:35:12Z
1002,2015-04-06T16:06:13Z
1003,2015-04-22T23:23:29Z
1004,2015-04-26T14:08:22Z
1005,2015-04-26T17:41:49Z
1006,2015-04-19T10:53:39Z
1007,2015-04-06T14:26:05Z
1008,2015-04-06T16:14:00Z
1009,2015-04-08T15:14:24Z
1010,2015-04-06T10:55:14Z
1011,2015-04-02T17:37:10Z
1012,2015-04-27T19:31:24Z
1013,2015-04-26T08:54:56Z
1014,2015-04-27T15:51:35Z
1015,2015-04-07T10:59:46Z
1016,2015-04-06T16:10:45Z
1017,2015-04-25T00:37:04Z
1018,2015-04-26T11:36:15Z
1019,2015-04-08T13:58:35Z
1020,2015-04-06T14:26:16Z
1021,2015-04-06T16:01:09Z
1022,2015-04-06T14:25:17Z
1023,2015-04-06T14:21:19Z
1024,2015-04-08T15:18:33Z
1025,2015-04-06T08:56:44Z
1026,2015-04-25T17:57:30Z
1027,2015-04-26T11:43:04Z
1028,2015-04-06T13:15:05Z
1029,2015-04-26T04:52:44Z
1030,2015-04-26T10:19:50Z
1031,2015-04-07T23:02:58Z
1032,2015-04-08T14:08:20Z
1033,2015-04-06T14:31:21Z
1034,2015-04-06T14:59:59Z
1035,2015-04-08T10:33:19Z
1036,2015-04-06T16:02:09Z
1037,2015-04-27T19:08:34Z
1038,2015-04-06T14:50:57Z
1039,2015-04-24T21:25:57Z
1040,2015-04-07T11:19:24Z
1041,2015-04-06T16:00:51Z
1042,2015-04-06T16:10:31Z
1043,2015-05-03T07:17:05Z
1044,2015-04-26T11:16:18Z
1045,2015-04-04T14:46:15Z
1046,2015-04-10T13:19:00Z
1047,2015-04-06T14:25:58Z
1048,2015-04-06T15:55:34Z
1049,2015-04-22T09:45:43Z
1050,2015-04-25T19:36:20Z
1051,2015-04-07T21:13:22Z
1052,2015-04-26T16:46:51Z
1053,2015-04-07T12:12:09Z
1054,2015-04-26T18:21:38Z
1055,2015-04-08T13:21:41Z
1056,2015-04-08T02:52:30Z
1057,2015-04-24T21:10:15Z
1058,2015-04-26T11:03:10Z
1059,2015-04-26T11:32:50Z
1060,2015-04-08T15:30:31Z
1061,2015-04-06T16:03:04Z
1062,2015-04-06T09:51:37Z
1063,2015-04-04T18:32:55Z
1064,2015-04-06T12:33:51Z
1065,2015-04-06T14:25:45Z
1066,2015-04-26T10:59:15Z
1067,2015-04-25T20:08:57Z
1068,2015-04-08T15:33:50Z
1069,2015-04-06T14:52:10Z
1070,2015-04-07T12:14:59Z
1071,2015-04-26T11:07:49Z
1072,2015-04-26T10:38:15Z
1073,2015-04-06T12:52:23Z
1074,2015-03-29T20:53:38Z
1075,2015-04-07T11:44:40Z
1076,2015-04-02T20:03:31Z
1077,2015-04-08T13:45:25Z
1078,2015-04-26T11:47:51Z
1079,2015-04-26T17:53:14Z
1080,2015-04-26T18:59:34Z
1081,2015-04-27T19:00:01Z
1082,2015-04-06T15:57:56Z
1083,2015-04-26T12:40:48Z
1084,2015-04-06T15:00:02Z
1085,2015-04-25T18:57:58Z
1086,2015-04-23T18:41:27Z
1087,2015-04-06T12:03:20Z
1088,2015-04-08T11:33:45Z
1089,2015-04-08T15:12:46Z
1090,2015-04-19T11:51:45Z
1091,2015-04-06T14:59:35Z
1092,2015-05-02T23:16:01Z
1093,2015-04-26T10:13:35Z
1094,2015-04-06T10:11:38Z
1095,2015-04-26T08:56:48Z
1096,2015-04-06T14:23:41Z
1097,2015-04-08T08:01:55Z
1098,2015-04-27T19:31:17Z
1099,2015-04-26T10:47:46Z
1100,2015-04-24T21:10:09Z
1101,2015-04-06T14:49:44Z
1102,2015-04-26T13:02:36Z
1103,2015-04-08T08:51:43Z
1104,2015-04-08T12:45:11Z
1105,2015-04-08T10:53:56Z
1106,2015-04-04T16:42:32Z
1107,2015-04-20T23:19:58Z
1108,2015-04-06T10:33:16Z
1109,2015-04-25T17:12:36Z
1110,2015-04-19T09:25:19Z
1111,2015-04-26T13:49:47Z
1112,2015-04-26T11:59:38Z
1113,2015-04-25T11:35:57Z
1114,2015-04-08T12:40:19Z
1115,2015-04-06T16:11:08Z
1116,2015-04-26T11:44:48Z
1117,2015-04-07T11:22:15Z
1118,2015-04-26T11:26:07Z
1119,2015-04-06T11:33:51Z
1120,2015-04-26T18:47:07Z
1121,2015-04-06T14:55:52Z
1122,2015-04-08T11:05:09Z
1123,2015-04-06T14:25:31Z
1124,2015-04-06T14:56:43Z
1125,2015-04-06T14:25:28Z
1126,2015-04-26T18:53:41Z
1127,2015-04-26T10:14:18Z
1128,2015-04-08T14:10:32Z
1129,2015-03-29T21:23:47Z
1130,2015-04-06T12:33:16Z
1131,2015-04-08T09:34:59Z
1132,2015-04-26T02:53:44Z
1133,2015-04-26T11:51:38Z
1134,2015-04-06T14:47:14Z
1135,2015-04-26T14:02:47Z
1136,2015-04-26T18:51:56Z
1137,2015-05-03T08:15:42Z
1138,2015-04-06T16:48:30Z
1139,2015-04-26T08:40:57Z
1140,2015-04-06T14:52:12Z
1141,2015-04-06T14:26:17Z
1142,2015-04-04T16:17:41Z
1143,2015-04-25T20:01:50Z
1144,2015-04-26T06:12:41Z
1145,2015-04-08T14:34:54Z
1146,2015-04-25T20:30:07Z
1147,2015-04-26T09:51:10Z
1148,2015-04-08T12:56:58Z
1149,2015-04-06T14:23:37Z
1150,2015-04-06T15:40:23Z
1151,2015-04-06T14:31:18Z
1152,2015-04-19T11:55:10Z
1153,2015-04-08T15:10:34Z
1154,2015-04-26T11:42:43Z
1155,2015-04-04T23:28:57Z
1156,2015-04-26T11:23:30Z
1157,2015-04-06T18:02:10Z
1158,2015-04-26T14:50:42Z
1159,2015-04-26T18:13:15Z
1160,2015-04-26T10:35:14Z
1161,2015-04-06T14:55:07Z
1162,2015-04-06T16:12:22Z
1163,2015-04-27T19:41:42Z
1164,2015-04-26T04:08:35Z
1165,2015-04-06T01:09:38Z
1166,2015-04-07T10:11:52Z
1167,2015-04-06T14:59:48Z
1168,2015-04-07T11:21:25Z
1169,2015-04-30T05:53:43Z
1170,2015-04-06T16:03:27Z
1171,2015-04-06T14:25:52Z
1172,2015-04-06T12:19:12Z
1173,2015-04-06T07:53:03Z
1174,2015-04-26T03:52:51Z
1175,2015-04-26T14:47:49Z
1176,2015-04-08T14:18:41Z
1177,2015-04-06T16:03:19Z
1178,2015-04-26T09:37:25Z
1179,2015-04-08T15:19:24Z
1180,2015-04-26T18:52:58Z
1181,2015-04-26T11:41:36Z
1182,2015-04-19T23:59:22Z
1183,2015-04-06T12:33:07Z
1184,2015-04-11T14:49:31Z
1185,2015-04-26T16:51:49Z
1186,2015-04-05T00:20:32Z
1187,2015-04-26T18:42:33Z
1188,2015-04-08T15:28:24Z
1189,2015-04-05T18:30:16Z
1190,2015-04-07T14:14:28Z
1191,2015-04-03T20:14:02Z
1192,2015-04-06T14:54:58Z
1193,2015-04-08T15:20:42Z
1194,2015-04-27T19:21:09Z
1195,2015-04-07T16:10:16Z
1196,2015-04-06T13:08:17Z
1197,2015-04-06T14:32:26Z
1198,2015-04-27T19:21:57Z
1199,2015-04-07T11:04:50Z
1200,2015-04-04T21:36:49Z
1201,2015-04-06T16:11:33Z
1202,2015-03-23T23:20:06Z
1203,2015-04-08T15:03:43Z
1204,2015-04-25T23:00:16Z
1205,2015-04-26T07:23:28Z
1206,2015-04-06T14:57:06Z
1207,2015-04-06T14:57:04Z
1208,2015-04-08T13:00:10Z
1209,2015-04-06T14:57:56Z
1210,2015-04-08T14:41:58Z
1211,2015-04-26T11:46:37Z
1212,2015-04-01T13:58:50Z
1213,2015-04-25T20:58:19Z
1214,2015-04-26T09:21:33Z
1215,2015-04-25T20:05:41Z
1216,2015-04-06T17:50:53Z
1217,2015-04-18T12:38:51Z
1218,2015-04-06T14:59:48Z
1219,2015-04-26T11:43:03Z
1220,2015-04-08T18:56:28Z
1221,2015-05-03T04:06:41Z
1222,2015-04-27T18:14:05Z
1223,2015-04-19T11:50:12Z
1224,2015-04-08T11:57:16Z
1225,2015-04-25T06:04:49Z
1226,2015-04-06T15:03:38Z
1227,2015-04-25T21:42:27Z
1228,2015-04-06T14:06:29Z
1229,2015-04-08T14:51:33Z
1230,2015-04-19T11:51:19Z
1231,2015-04-08T13:38:45Z
1232,2015-04-26T09:32:51Z
1233,2015-04-25T11:49:04Z
1234,2015-04-07T19:09:05Z
1235,2015-04-26T11:29:54Z
1236,2015-04-30T17:45:57Z
1237,2015-04-06T13:30:45Z
1238,2015-04-07T20:14:13Z
1239,2015-04-06T06:49:56Z
1240,2015-04-05T21:55:03Z
1241,2015-04-06T14:50:53Z
1242,2015-04-05T16:51:51Z
1243,2015-04-06T15:28:11Z
1244,2015-04-01T19:37:28Z
1245,2015-04-26T17:57:41Z
1246,2015-04-27T19:31:20Z
1247,2015-04-06T14:30:46Z
1248,2015-04-06T14:19:18Z
1249,2015-04-06T16:11:42Z
1250,2015-04-06T12:23:25Z
1251,2015-04-08T10:30:02Z
1252,2015-04-06T14:25:33Z
1253,2015-04-06T16:02:26Z
1254,2015-04-26T18:40:18Z
1255,2015-04-07T14:23:23Z
1256,2015-04-26T10:56:29Z
1257,2015-04-06T15:56:36Z
1258,2015-04-06T12:23:58Z
1259,2015-04-06T14:55:07Z
1260,2015-04-26T11:55:08Z
1261,2015-04-07T11:20:02Z
1262,2015-04-07T11:02:46Z
1263,2015-05-02T23:15:18Z
1264,2015-04-26T11:20:37Z
1265,2015-04-26T18:09:12Z
1266,2015-04-05T16:37:14Z
1267,2015-04-07T11:17:41Z
1268,2015-04-26T11:09:19Z
1269,2015-04-24T09:16:09Z
1270,2015-04-27T19:40:25Z
1271,2015-04-26T13:14:59Z
1272,2015-04-04T00:47:31Z
1273,2015-04-07T11:34:51Z
1274,2015-04-08T14:02:20Z
1275,2015-04-06T15:56:26Z
1276,2015-04-26T18:42:17Z
1277,2015-04-06T14:25:30Z
1278,2015-04-06T14:50:56Z
1279,2015-04-05T16:30:56Z
1280,2015-04-06T14:24:02Z
1281,2015-04-06T14:28:15Z
1282,2015-04-26T17:57:01Z
1283,2015-04-06T15:55:41Z
1284,2015-04-25T22:00:43Z
1285,2015-04-08T09:34:22Z
1286,2015-04-27T18:39:55Z
1287,2015-04-06T15:28:28Z
1288,2015-04-07T12:22:40Z
1289,2015-04-06T14:54:41Z
1290,2015-04-07T07:54:30Z
1291,2015-04-06T12:28:08Z
1292,2015-04-06T15:31:32Z
1293,2015-04-08T15:31:01Z
1294,2015-04-26T19:02:19Z
1295,2015-04-24T22:50:31Z
1296,2015-04-08T10:29:05Z
1297,2015-04-06T15:59:13Z
1298,2015-04-16T18:11:23Z
1299,2015-04-08T11:58:14Z
1300,2015-04-06T09:19:38Z
1301,2015-04-26T08:32:26Z
1302,2015-04-02T23:35:22Z
1303,2015-05-03T06:14:48Z
1304,2015-04-26T10:34:36Z
1305,2015-04-06T16:05:03Z
1306,2015-04-06T12:50:43Z
1307,2015-04-05T14:45:40Z
1308,2015-04-27T19:39:30Z
1309,2015-04-06T15:11:57Z
1310,2015-04-07T08:26:50Z
1311,2015-04-26T09:32:08Z
1312,2015-04-05T16:19:38Z
1313,2015-04-06T14:55:04Z
1314,2015-05-03T00:42:31Z
1315,2015-04-06T12:43:20Z
1316,2015-04-06T15:53:09Z
1317,2015-04-06T15:32:15Z
1318,2015-04-24T19:58:25Z
1319,2015-04-08T14:48:41Z
1320,2015-04-06T14:59:27Z
1321,2015-04-19T11:46:07Z
1322,2015-04-06T14:25:29Z
1323,2015-04-06T14:43:26Z
1324,2015-04-06T14:20:52Z
1325,2015-04-26T11:29:10Z
1326,2015-04-26T10:28:26Z
1327,2015-04-26T11:27:48Z
1328,2015-04-25T23:03:15Z
1329,2015-04-06T16:06:13Z
1330,2015-04-05T11:44:10Z
1331,2015-04-25T17:32:08Z
1332,2015-04-06T15:48:00Z
1333,2015-04-06T14:59:35Z
1334,2015-04-26T11:31:43Z
1335,2015-04-25T23:14:38Z
1336,2015-04-26T11:37:36Z
1337,2015-04-08T15:14:55Z
1338,2015-04-06T14:54:33Z
1339,2015-04-25T00:35:20Z
1340,2015-04-27T19:06:09Z
1341,2015-04-26T10:37:42Z
1342,2015-04-26T18:51:48Z
1343,2015-04-20T19:49:36Z
1344,2015-04-06T15:09:56Z
1345,2015-04-06T14:56:43Z
1346,2015-04-04T19:33:31Z
1347,2015-04-11T22:32:34Z
1348,2015-04-06T05:52:38Z
1349,2015-04-06T15:57:18Z
1350,2015-04-06T14:47:38Z
1351,2015-04-26T02:51:49Z
1352,2015-04-25T11:10:12Z
1353,2015-04-06T14:53:40Z
1354,2015-04-06T14:23:25Z
1355,2015-04-26T10:15:08Z
1356,2015-04-26T10:44:05Z
1357,2015-04-26T11:28:47Z
1358,2015-04-06T04:11:05Z
1359,2015-03-23T21:46:20Z
1360,2015-04-23T07:00:35Z
1361,2015-04-06T14:53:02Z
1362,2015-04-06T15:28:20Z
1363,2015-04-05T02:52:02Z
1364,2015-04-06T14:57:38Z
1365,2015-04-26T10:44:10Z
1366,2015-04-08T14:55:53Z
1367,2015-04-06T14:56:35Z
1368,2015-04-05T22:20:54Z
1369,2015-04-25T19:20:18Z
1370,2015-04-06T14:54:13Z
1371,2015-04-07T03:57:20Z
1372,2015-04-26T17:58:37Z
1373,2015-04-26T18:52:55Z
1374,2015-04-06T14:57:14Z
1375,2015-04-25T13:39:33Z
1376,2015-04-06T16:13:53Z
1377,2015-04-07T11:42:16Z
1378,2015-04-06T14:29:12Z
1379,2015-04-25T21:15:17Z
1380,2015-04-05T18:06:10Z
1381,2015-04-07T12:06:57Z
1382,2015-04-06T14:30:50Z
1383,2015-04-05T15:52:31Z
1384,2015-04-26T11:23:54Z
1385,2015-04-06T15:57:13Z
1386,2015-04-06T14:04:27Z
1387,2015-04-06T16:00:41Z
1388,2015-04-06T14:23:36Z
1389,2015-04-27T19:13:46Z
1390,2015-04-06T16:04:54Z
1391,2015-04-24T11:21:19Z
1392,2015-04-26T06:52:58Z
1393,2015-04-06T15:57:09Z
1394,2015-04-25T19:57:45Z
1395,2015-04-26T18:45:00Z
1396,2015-04-06T16:11:07Z
1397,2015-03-25T00:11:20Z
1398,2015-04-26T14:26:52Z
1399,2015-04-06T15:00:10Z
1400,2015-04-26T09:50:24Z
1401,2015-04-06T15:55:26Z
1402,2015-04-06T14:52:43Z
1403,2015-04-19T11:53:36Z
1404,2015-04-06T14:28:40Z
1405,2015-04-08T14:22:28Z
1406,2015-04-06T14:47:27Z
1407,2015-04-08T15:20:46Z
1408,2015-04-08T12:13:15Z
1409,2015-04-26T09:35:13Z
1410,2015-04-06T15:03:18Z
1411,2015-04-06T16:03:07Z
1412,2015-04-26T13:12:03Z
1413,2015-04-26T04:40:16Z
1414,2015-04-26T10:31:48Z
1415,2015-04-26T16:12:54Z
1416,2015-05-02T11:28:01Z
1417,2015-04-26T05:50:34Z
1418,2015-04-06T14:14:14Z
1419,2015-04-02T14:37:06Z
1420,2015-04-25T17:15:06Z
1421,2015-04-08T14:33:37Z
1422,2015-04-19T10:22:13Z
1423,2015-04-08T15:30:47Z
1424,2015-04-06T15:03:59Z
1425,2015-04-06T14:51:24Z
1426,2015-04-06T14:59:15Z
1427,2015-04-08T14:55:51Z
1428,2015-04-06T15:19:32Z
1429,2015-04-06T11:44:10Z
1430,2015-04-06T14:26:08Z
1431,2015-04-06T14:23:52Z
1432,2015-04-26T09:41:22Z
1433,2015-04-06T14:54:02Z
1434,2015-04-06T14:53:04Z
1435,2015-04-06T15:55:28Z
1436,2015-04-06T14:59:06Z
1437,2015-04-12T03:49:24Z
1438,2015-04-16T17:42:56Z
1439,2015-04-05T21:01:54Z
1440,2015-04-25T22:49:07Z
1441,2015-04-07T11:29:41Z
1442,2015-04-24T16:59:58Z
1443,2015-04-07T12:32:28Z
1444,2015-04-08T15:06:28Z
1445,2015-04-27T19:24:36Z
1446,2015-04-06T14:57:45Z
1447,2015-04-07T11:21:38Z
1448,2015-04-26T09:44:25Z
1449,2015-04-06T23:29:16Z
1450,2015-04-06T16:01:37Z
1451,2015-04-24T14:12:23Z
1452,2015-04-06T15:55:45Z
1453,2015-04-06T14:52:09Z
1454,2015-04-06T14:57:53Z
1455,2015-04-06T16:06:15Z
1456,2015-04-08T15:08:18Z
1457,2015-04-06T16:10:02Z
1458,2015-04-07T12:21:48Z
1459,2015-04-06T15:16:41Z
1460,2015-04-26T18:51:30Z
1461,2015-04-06T14:54:38Z
1462,2015-04-07T12:30:08Z
1463,2015-04-07T11:25:44Z
1464,2015-04-15T10:05:33Z
1465,2015-04-08T15:27:05Z
1466,2015-04-06T15:58:05Z
1467,2015-04-08T10:48:32Z
1468,2015-04-05T09:00:00Z
1469,2015-04-27T19:42:26Z
1470,2015-04-06T16:04:34Z
1471,2015-04-08T12:49:09Z
1472,2015-04-06T14:31:08Z
1473,2015-04-06T16:15:42Z
1474,2015-04-12T15:05:33Z
1475,2015-04-20T12:47:03Z
1476,2015-04-26T11:40:14Z
1477,2015-04-26T09:11:27Z
1478,2015-04-06T02:01:38Z
1479,2015-04-26T10:22:46Z
1480,2015-04-06T15:59:10Z
1481,2015-04-26T11:52:56Z
1482,2015-04-06T15:57:02Z
1483,2015-04-06T14:56:59Z
1484,2015-04-07T09:52:06Z
1485,2015-04-24T14:48:34Z
1486,2015-04-06T14:57:15Z
1487,2015-04-02T17:06:42Z
1488,2015-04-18T14:13:35Z
1489,2015-04-26T18:17:51Z
1490,2015-04-16T20:18:22Z
1491,2015-04-06T14:59:08Z
1492,2015-04-27T19:12:30Z
1493,2015-04-22T10:04:49Z
1494,2015-04-06T11:35:03Z
1495,2015-04-07T14:39:21Z
1496,2015-04-06T14:26:05Z
1497,2015-04-08T10:29:16Z
1498,2015-04-25T20:45:19Z
1499,2015-04-06T16:05:58Z
1500,2015-04-06T14:30:26Z
1501,2015-04-25T12:06:09Z
1502,2015-04-06T14:47:39Z
1503,2015-04-06T14:57:59Z
1504,2015-04-06T14:28:50Z
1505,2015-04-08T10:41:50Z
1506,2015-04-08T15:02:46Z
1507,2015-04-06T14:54:04Z
1508,2015-04-08T14:35:05Z
1509,2015-04-06T16:13:30Z
1510,2015-04-06T16:03:13Z
1511,2015-04-06T16:16:08Z
1512,2015-04-08T15:15:36Z
1513,2015-04-26T11:49:00Z
1514,2015-04-26T18:47:33Z
1515,2015-04-06T14:52:05Z
1516,2015-04-07T10:20:04Z
1517,2015-04-05T23:05:50Z
1518,2015-04-26T08:06:58Z
1519,2015-04-06T11:47:59Z
1520,2015-04-06T14:23:52Z
1521,2015-04-06T14:25:26Z
1522,2015-04-08T15:30:36Z
1523,2015-04-06T16:13:58Z
1524,2015-04-26T07:46:25Z
1525,2015-04-08T06:54:42Z
1526,2015-04-07T08:28:47Z
1527,2015-04-05T15:29:35Z
1528,2015-04-08T01:13:06Z
1529,2015-04-26T18:50:34Z
1530,2015-04-07T10:27:33Z
1531,2015-04-08T14:31:41Z
1532,2015-04-08T10:39:15Z
1533,2015-04-26T11:32:16Z
1534,2015-04-06T14:56:49Z
1535,2015-04-27T19:30:47Z
1536,2015-04-26T06:27:58Z
1537,2015-04-06T14:46:57Z
1538,2015-04-06T16:00:53Z
1539,2015-04-06T16:04:35Z
1540,2015-04-14T19:07:48Z
1541,2015-04-27T19:11:57Z
1542,2015-04-26T18:50:50Z
1543,2015-04-27T19:08:43Z
1544,2015-04-22T21:41:37Z
1545,2015-04-08T13:14:21Z
1546,2015-04-19T11:51:31Z
1547,2015-04-08T14:37:07Z
1548,2015-04-08T08:10:49Z
1549,2015-04-06T14:56:36Z
1550,2015-04-08T13:02:05Z
1551,2015-04-26T11:17:15Z
1552,2015-04-06T14:57:48Z
1553,2015-04-06T14:52:02Z
1554,2015-04-25T22:27:35Z
1555,2015-04-07T07:36:13Z
1556,2015-04-07T12:08:16Z
1557,2015-04-06T16:03:35Z
1558,2015-04-08T15:13:39Z
1559,2015-04-06T15:03:10Z
1560,2015-04-06T15:00:33Z
1561,2015-04-06T16:13:55Z
1562,2015-04-06T14:23:47Z
1563,2015-04-26T08:56:13Z
1564,2015-04-06T15:28:16Z
1565,2015-04-19T11:49:26Z
1566,2015-04-06T15:24:19Z
1567,2015-04-06T14:30:39Z
1568,2015-04-08T05:43:44Z
1569,2015-04-06T14:51:34Z
1570,2015-04-06T16:04:54Z
1571,2015-04-06T14:37:53Z
1572,2015-04-05T19:12:54Z
1573,2015-04-26T10:34:48Z
1574,2015-04-05T21:18:24Z
1575,2015-04-25T23:58:49Z
1576,2015-04-08T12:41:55Z
1577,2015-04-18T17:58:13Z
1578,2015-04-06T14:25:39Z
1579,2015-04-19T11:33:39Z
1580,2015-04-26T18:57:18Z
1581,2015-04-06T14:52:27Z
1582,2015-04-25T16:16:40Z
1583,2015-04-08T15:16:52Z
1584,2015-04-07T11:54:08Z
1585,2015-04-06T16:07:00Z
1586,2015-04-06T08:31:20Z
1587,2015-04-06T14:54:43Z
1588,2015-04-06T14:26:00Z
1589,2015-05-02T21:33:25Z
1590,2015-04-06T16:10:33Z
1591,2015-04-06T11:59:31Z
1592,2015-04-06T14:26:16Z
1593,2015-04-26T08:52:59Z
1594,2015-04-26T11:40:50Z
1595,2015-04-11T22:20:52Z
1596,2015-04-06T14:27:14Z
1597,2015-04-06T14:47:47Z
1598,2015-04-06T15:57:51Z
1599,2015-04-26T11:34:54Z
1600,2015-04-06T14:57:44Z
1601,2015-04-26T11:54:37Z
1602,2015-04-06T14:53:26Z
1603,2015-04-06T15:55:57Z
1604,2015-04-06T14:31:29Z
1605,2015-04-06T15:02:39Z
1606,2015-04-07T11:06:24Z
1607,2015-04-06T14:47:32Z
1608,2015-04-27T19:11:15Z
1609,2015-04-26T13:15:06Z
1610,2015-04-06T14:23:20Z
1611,2015-04-24T11:20:29Z
1612,2015-04-11T22:03:46Z
1613,2015-04-06T14:23:44Z
1614,2015-04-06T14:50:45Z
1615,2015-04-08T08:24:23Z
1616,2015-04-06T15:55:34Z
1617,2015-05-03T09:01:35Z
1618,2015-04-06T14:24:01Z
1619,2015-04-06T16:10:50Z
1620,2015-04-07T11:02:02Z
1621,2015-04-08T05:47:45Z
1622,2015-04-06T10:16:35Z
1623,2015-04-07T00:39:12Z
1624,2015-04-06T16:09:28Z
1625,2015-04-06T14:25:49Z
1626,2015-04-26T17:37:39Z
1627,2015-04-25T19:53:26Z
1628,2015-04-07T12:27:38Z
1629,2015-04-07T12:04:52Z
1630,2015-04-06T14:57:48Z
1631,2015-04-08T12:15:59Z
1632,2015-04-06T16:18:31Z
1633,2015-04-11T17:30:24Z
1634,2015-04-26T18:33:37Z
1635,2015-04-26T10:32:32Z
1636,2015-04-26T11:43:11Z
1637,2015-04-08T15:08:42Z
1638,2015-04-26T16:44:41Z
1639,2015-04-06T15:03:13Z
1640,2015-04-24T14:12:07Z
1641,2015-04-08T15:26:43Z
1642,2015-04-06T15:23:17Z
1643,2015-04-26T18:45:35Z
1644,2015-04-26T18:32:26Z
1645,2015-04-06T16:02:54Z
1646,2015-05-02T08:49:27Z
1647,2015-04-26T18:40:48Z
1648,2015-04-06T16:10:49Z
1649,2015-04-05T17:03:54Z
1650,2015-04-06T14:54:25Z
1651,2015-04-06T14:26:03Z
1652,2015-04-27T19:29:47Z
1653,2015-04-26T08:16:03Z
1654,2015-04-06T16:01:59Z
1655,2015-04-06T14:47:06Z
1656,2015-04-26T09:43:29Z
1657,2015-04-06T14:32:15Z
1658,2015-04-06T10:42:30Z
1659,2015-04-06T14:24:03Z
1660,2015-04-26T18:40:06Z
1661,2015-04-06T16:03:34Z
1662,2015-04-06T15:10:16Z
1663,2015-04-06T16:14:00Z
1664,2015-03-29T14:55:37Z
1665,2015-04-06T16:11:26Z
1666,2015-04-27T19:13:45Z
1667,2015-04-01T20:44:20Z
1668,2015-04-06T14:44:27Z
1669,2015-04-19T15:09:47Z
1670,2015-04-08T15:34:01Z
1671,2015-04-26T13:18:24Z
1672,2015-04-06T16:08:38Z
1673,2015-04-06T16:13:54Z
1674,2015-04-06T14:23:46Z
1675,2015-04-06T15:29:33Z
1676,2015-04-08T13:15:43Z
1677,2015-04-06T12:25:08Z
1678,2015-04-26T18:51:13Z
1679,2015-04-26T11:41:48Z
1680,2015-04-06T14:31:16Z
1681,2015-04-06T04:37:49Z
1682,2015-04-07T09:57:11Z
1683,2015-04-19T11:42:34Z
1684,2015-04-07T10:15:31Z
1685,2015-04-06T16:05:32Z
1686,2015-04-06T15:55:24Z
1687,2015-04-19T10:52:20Z
1688,2015-04-19T11:51:47Z
1689,2015-04-06T14:27:28Z
1690,2015-04-24T03:35:22Z
1691,2015-04-27T19:31:40Z
1692,2015-04-07T20:47:33Z
1693,2015-04-06T15:57:30Z
1694,2015-04-26T11:06:46Z
1695,2015-04-25T20:20:41Z
1696,2015-04-06T16:11:19Z
1697,2015-04-06T18:23:22Z
1698,2015-04-26T19:01:13Z
1699,2015-04-08T11:40:48Z
1700,2015-04-06T16:01:08Z
1701,2015-04-05T19:21:11Z
1702,2015-04-06T14:47:17Z
1703,2015-04-06T14:32:32Z
1704,2015-04-06T14:57:40Z
1705,2015-04-26T11:15:53Z
1706,2015-04-06T16:02:56Z
1707,2015-04-06T14:54:05Z
1708,2015-04-27T19:24:43Z
1709,2015-04-26T18:46:35Z
1710,2015-04-11T22:02:34Z
1711,2015-04-22T03:17:53Z
1712,2015-04-11T22:37:34Z
1713,2015-05-02T19:56:04Z
1714,2015-04-06T14:47:57Z
1715,2015-04-06T14:23:24Z
1716,2015-04-07T07:02:19Z
1717,2015-04-08T12:49:39Z
1718,2015-04-06T16:05:29Z
1719,2015-04-06T15:56:58Z
1720,2015-04-19T10:05:45Z
1721,2015-04-06T14:54:34Z
1722,2015-03-30T16:38:27Z
1723,2015-04-06T15:56:23Z
1724,2015-04-11T22:40:30Z
1725,2015-04-06T16:00:47Z
1726,2015-04-06T15:02:36Z
1727,2015-04-06T14:28:28Z
1728,2015-04-06T14:26:06Z
1729,2015-04-06T19:29:04Z
1730,2015-04-26T10:49:31Z
1731,2015-04-27T19:27:25Z
1732,2015-04-06T14:52:28Z
1733,2015-04-07T12:17:20Z
1734,2015-04-06T14:59:21Z
1735,2015-04-06T12:22:14Z
1736,2015-04-06T15:03:45Z
1737,2015-04-26T09:21:11Z
1738,2015-04-06T15:00:13Z
1739,2015-04-07T12:27:06Z
1740,2015-04-08T14:33:38Z
1741,2015-04-25T22:31:13Z
1742,2015-04-27T19:06:04Z
1743,2015-04-06T14:56:35Z
1744,2015-04-26T18:36:39Z
1745,2015-04-06T14:59:58Z
1746,2015-04-06T07:25:39Z
1747,2015-04-06T02:00:19Z
1748,2015-04-06T15:48:18Z
1749,2015-04-05T22:56:58Z
1750,2015-04-26T18:51:36Z
1751,2015-04-19T06:31:58Z
1752,2015-04-06T14:57:23Z
1753,2015-04-26T11:48:20Z
1754,2015-04-06T15:00:14Z
1755,2015-04-07T17:24:47Z
1756,2015-04-06T16:10:55Z
1757,2015-04-06T12:09:26Z
1758,2015-04-06T15:27:03Z
1759,2015-04-08T10:34:10Z
1760,2015-04-06T15:59:22Z
1761,2015-04-06T14:57:15Z
1762,2015-04-08T14:40:11Z
1763,2015-04-06T14:53:27Z
1764,2015-04-07T12:20:31Z
1765,2015-04-06T19:29:26Z
1766,2015-04-01T08:59:59Z
1767,2015-04-24T18:56:15Z
1768,2015-04-08T14:44:54Z
1769,2015-04-06T16:00:17Z
1770,2015-04-06T14:56:43Z
1771,2015-04-26T11:47:13Z
1772,2015-04-04T18:47:07Z
1773,2015-04-26T11:21:19Z
1774,2015-04-26T18:53:07Z
1775,2015-04-06T15:57:54Z
1776,2015-04-26T11:45:22Z
1777,2015-04-06T12:10:24Z
1778,2015-04-06T14:27:26Z
1779,2015-04-06T16:04:34Z
1780,2015-04-06T15:32:11Z
1781,2015-04-06T16:10:50Z
1782,2015-04-26T11:41:14Z
1783,2015-04-07T11:01:49Z
1784,2015-04-06T14:30:07Z
1785,2015-04-06T16:01:05Z
1786,2015-04-08T14:30:42Z
1787,2015-04-06T14:51:34Z
1788,2015-04-06T16:05:04Z
1789,2015-04-07T12:10:03Z
1790,2015-03-30T21:26:13Z
1791,2015-04-08T14:45:16Z
1792,2015-05-01T11:15:11Z
1793,2015-04-06T15:55:47Z
1794,2015-04-08T14:37:45Z
1795,2015-04-06T13:36:29Z
1796,2015-04-25T20:52:47Z
1797,2015-04-08T10:47:33Z
1798,2015-04-26T10:21:37Z
1799,2015-05-03T09:44:47Z
1800,2015-04-06T15:57:06Z
1801,2015-04-06T14:54:48Z
1802,2015-04-07T21:44:57Z
1803,2015-04-06T16:10:45Z
1804,2015-04-26T12:35:55Z
1805,2015-04-06T14:52:32Z
1806,2015-04-06T16:08:23Z
1807,2015-04-06T14:23:53Z
1808,2015-04-27T19:43:13Z
1809,2015-04-06T10:19:41Z
1810,2015-04-02T16:56:49Z
1811,2015-04-06T16:00:28Z
1812,2015-04-07T11:10:40Z
1813,2015-04-08T11:57:18Z
1814,2015-04-08T14:44:14Z
1815,2015-04-06T14:59:36Z
1816,2015-04-06T15:55:59Z
1817,2015-04-05T07:13:49Z
1818,2015-04-06T14:59:44Z
1819,2015-04-06T15:56:22Z
1820,2015-04-26T11:18:02Z
1821,2015-04-06T15:56:36Z
1822,2015-04-26T14:58:18Z
1823,2015-04-08T15:19:42Z
1824,2015-04-06T10:18:43Z
1825,2015-04-06T14:47:12Z
1826,2015-04-26T09:27:08Z
1827,2015-04-26T09:54:52Z
1828,2015-04-26T18:53:11Z
1829,2015-04-08T08:30:53Z
1830,2015-04-06T20:44:03Z
1831,2015-04-06T16:10:49Z
1832,2015-04-06T16:02:58Z
1833,2015-04-06T16:04:26Z
1834,2015-04-08T14:12:03Z
1835,2015-04-07T11:12:45Z
1836,2015-04-27T19:40:00Z
1837,2015-04-02T13:22:55Z
1838,2015-04-07T10:24:34Z
1839,2015-04-26T14:42:22Z
1840,2015-04-06T15:32:18Z
1841,2015-04-08T15:15:42Z
1842,2015-04-06T16:13:47Z
1843,2015-04-06T16:13:41Z
1844,2015-04-06T14:47:20Z
1845,2015-04-26T16:31:21Z
1846,2015-04-06T14:23:41Z
1847,2015-04-26T09:25:21Z
1848,2015-04-26T11:51:12Z
1849,2015-04-05T10:49:44Z
1850,2015-04-06T15:55:46Z
1851,2015-05-02T19:19:39Z
1852,2015-04-06T14:47:22Z
1853,2015-04-26T11:55:20Z
1854,2015-04-06T14:50:46Z
1855,2015-04-06T16:10:42Z
1856,2015-04-26T04:55:57Z
1857,2015-04-25T19:51:44Z
1858,2015-04-08T09:58:31Z
1859,2015-04-26T14:09:39Z
1860,2015-04-08T10:01:04Z
1861,2015-04-06T16:20:30Z
1862,2015-04-26T18:51:03Z
1863,2015-04-06T16:19:50Z
1864,2015-04-07T10:49:48Z
1865,2015-04-08T09:58:38Z
1866,2015-04-27T19:42:30Z
1867,2015-04-06T14:28:59Z
1868,2015-04-06T16:16:51Z
1869,2015-04-26T13:10:21Z
1870,2015-04-06T14:49:22Z
1871,2015-04-25T22:30:29Z
1872,2015-04-27T19:44:01Z
1873,2015-04-08T00:34:27Z
1874,2015-04-04T10:54:54Z
1875,2015-04-26T02:21:06Z
1876,2015-04-06T15:57:53Z
1877,2015-04-06T16:09:24Z
1878,2015-04-06T14:50:58Z
1879,2015-04-26T19:01:17Z
1880,2015-04-08T08:54:19Z
1881,2015-04-26T09:14:22Z
1882,2015-04-14T09:17:54Z
1883,2015-04-06T14:26:08Z
1884,2015-04-06T16:04:20Z
1885,2015-04-07T12:06:25Z
1886,2015-04-19T11:49:37Z
1887,2015-04-26T09:41:18Z
1888,2015-04-06T11:40:41Z
1889,2015-04-06T14:54:19Z
1890,2015-04-06T16:10:14Z
1891,2015-04-06T16:02:03Z
1892,2015-04-08T03:54:33Z
1893,2015-04-06T14:28:59Z
1894,2015-04-08T13:53:28Z
1895,2015-04-07T11:03:54Z
1896,2015-04-06T15:55:47Z
1897,2015-04-07T12:12:59Z
1898,2015-04-06T16:03:00Z
1899,2015-04-06T14:23:55Z
1900,2015-04-06T16:03:25Z
1901,2015-04-06T15:00:09Z
1902,2015-04-06T20:00:11Z
1903,2015-04-26T18:53:05Z
1904,2015-04-08T10:20:01Z
1905,2015-04-26T10:23:33Z
1906,2015-04-06T16:05:05Z
1907,2015-04-06T16:06:12Z
1908,2015-04-06T14:23:38Z
1909,2015-04-06T16:11:52Z
1910,2015-04-06T14:55:42Z
1911,2015-04-06T14:53:37Z
1912,2015-05-03T09:09:30Z
1913,2015-04-06T15:57:14Z
1914,2015-04-06T16:01:03Z
1915,2015-04-27T19:39:11Z
1916,2015-04-06T14:53:48Z
1917,2015-04-06T13:49:21Z
1918,2015-04-25T12:57:58Z
1919,2015-04-08T15:28:44Z
1920,2015-04-26T10:28:37Z
1921,2015-04-06T15:21:12Z
1922,2015-04-07T12:08:11Z
1923,2015-04-08T14:36:26Z
1924,2015-04-06T16:10:50Z
1925,2015-04-19T08:27:53Z
1926,2015-04-06T14:25:55Z
1927,2015-04-06T14:24:03Z
1928,2015-04-08T14:47:55Z
1929,2015-04-06T15:55:13Z
1930,2015-04-26T19:03:07Z
1931,2015-04-07T11:03:38Z
1932,2015-04-26T18:53:25Z
1933,2015-04-06T14:47:46Z
1934,2015-04-25T07:21:27Z
1935,2015-04-19T08:23:23Z
1936,2015-04-08T10:55:16Z
1937,2015-04-06T14:47:26Z
1938,2015-04-07T11:34:28Z
1939,2015-04-06T16:11:22Z
1940,2015-04-08T14:08:36Z
1941,2015-04-06T16:11:03Z
1942,2015-04-06T14:26:02Z
1943,2015-04-26T11:42:40Z
1944,2015-04-06T16:01:58Z
1945,2015-04-06T14:54:32Z
1946,2015-04-06T14:25:34Z
1947,2015-04-06T14:56:41Z
1948,2015-04-26T10:33:15Z
1949,2015-04-06T16:00:16Z
1950,2015-04-06T16:06:22Z
1951,2015-04-06T16:03:24Z
1952,2015-04-26T12:58:00Z
1953,2015-04-05T12:46:25Z
1954,2015-04-06T16:13:47Z
1955,2015-03-20T16:17:15Z
1956,2015-04-06T16:01:58Z
1957,2015-04-06T15:49:52Z
1958,2015-04-06T14:58:18Z
1959,2015-04-24T17:01:16Z
1960,2015-04-06T15:57:52Z
1961,2015-04-06T16:13:55Z
1962,2015-04-06T14:29:09Z
1963,2015-04-06T14:23:44Z
1964,2015-04-08T11:48:45Z
1965,2015-04-06T14:52:37Z
1966,2015-04-06T14:25:33Z
1967,2015-04-26T11:51:11Z
1968,2015-04-06T16:11:01Z
1969,2015-04-26T18:51:02Z
1970,2015-04-26T10:41:30Z
1971,2015-04-06T15:24:26Z
1972,2015-04-07T11:33:23Z
1973,2015-04-06T14:54:44Z
1974,2015-04-26T11:42:10Z
1975,2015-04-07T09:45:17Z
1976,2015-04-06T13:43:50Z
1977,2015-04-06T14:54:48Z
1978,2015-04-24T19:25:24Z
1979,2015-04-06T16:02:06Z
1980,2015-04-07T09:26:20Z
1981,2015-04-08T15:16:26Z
1982,2015-04-06T14:25:44Z
1983,2015-04-06T14:28:33Z
1984,2015-04-25T10:30:16Z
1985,2015-04-06T16:02:57Z
1986,2015-04-06T14:57:51Z
1987,2015-04-07T07:18:16Z
1988,2015-04-06T15:57:11Z
1989,2015-04-06T14:57:29Z
1990,2015-04-26T11:20:48Z
1991,2015-04-06T14:31:30Z
1992,2015-04-06T15:56:58Z
1993,2015-04-04T18:43:11Z
1994,2015-04-06T15:42:12Z
1995,2015-04-08T14:43:06Z
1996,2015-04-06T16:05:06Z
1997,2015-03-20T01:29:48Z
1998,2015-04-08T10:29:15Z
1999,2015-04-08T11:24:34Z
2000,2015-04-06T12:23:40Z
2001,2015-04-06T14:28:39Z
2002,2015-04-08T15:13:56Z
2003,2015-04-26T13:18:44Z
2004,2015-04-08T10:42:45Z
2005,2015-04-06T16:18:57Z
2006,2015-04-08T14:19:12Z
2007,2015-04-06T14:18:21Z
2008,2015-04-06T15:03:10Z
2009,2015-04-06T15:01:56Z
2010,2015-04-06T16:03:06Z
2011,2015-04-26T18:51:57Z
2012,2015-04-06T14:44:30Z
2013,2015-04-08T15:23:26Z
2014,2015-04-07T12:18:49Z
2015,2015-04-05T09:56:56Z
2016,2015-04-26T11:56:12Z
2017,2015-04-06T07:54:34Z
2018,2015-04-07T19:55:32Z
2019,2015-04-06T16:04:32Z
2020,2015-04-26T19:00:00Z
2021,2015-04-07T20:43:16Z
2022,2015-04-06T02:10:15Z
2023,2015-04-06T15:35:04Z
2024,2015-04-08T14:50:36Z
2025,2015-04-02T14:49:36Z
2026,2015-04-25T19:20:59Z
2027,2015-04-08T14:06:43Z
2028,2015-04-08T13:29:49Z
2029,2015-04-08T15:33:08Z
2030,2015-04-07T12:12:06Z
2031,2015-04-27T19:33:09Z
2032,2015-04-06T16:13:29Z
2033,2015-04-11T20:37:38Z
2034,2015-04-07T10:34:01Z
2035,2015-04-04T19:42:32Z
2036,2015-04-07T11:48:11Z
2037,2015-04-19T11:53:06Z
2038,2015-04-06T14:30:56Z
2039,2015-04-19T11:53:31Z
2040,2015-04-06T14:56:58Z
2041,2015-04-27T19:13:40Z
2042,2015-04-06T14:53:52Z
2043,2015-04-26T15:47:50Z
2044,2015-04-06T14:29:45Z
2045,2015-04-24T18:52:07Z
2046,2015-04-07T20:38:55Z
2047,2015-04-07T09:52:58Z
2048,2015-04-06T10:23:46Z
2049,2015-04-06T15:02:29Z
2050,2015-04-19T11:54:15Z
2051,2015-04-06T19:32:11Z
2052,2015-04-06T15:20:51Z
2053,2015-04-06T14:31:03Z
2054,2015-04-06T14:57:41Z
2055,2015-04-06T16:05:02Z
2056,2015-04-07T11:42:33Z
2057,2015-04-06T16:13:38Z
2058,2015-04-06T16:11:09Z
2059,2015-04-06T14:59:45Z
2060,2015-04-06T15:55:36Z
2061,2015-04-26T11:48:08Z
2062,2015-04-06T15:57:02Z
2063,2015-04-06T14:59:09Z
2064,2015-04-06T16:03:05Z
2065,2015-04-06T16:05:30Z
2066,2015-04-27T19:31:31Z
2067,2015-04-23T15:49:35Z
2068,2015-04-08T14:22:27Z
2069,2015-04-06T14:56:52Z
2070,2015-04-08T13:14:15Z
2071,2015-04-14T14:32:13Z
2072,2015-04-08T15:20:29Z
2073,2015-04-07T11:51:31Z
2074,2015-04-25T00:05:17Z
2075,2015-04-04T20:24:19Z
2076,2015-03-24T12:28:08Z
2077,2015-04-18T16:20:42Z
2078,2015-04-06T14:39:16Z
2079,2015-04-08T11:02:13Z
2080,2015-04-06T15:55:11Z
2081,2015-04-06T14:47:54Z
2082,2015-04-08T15:20:45Z
2083,2015-04-25T17:20:20Z
2084,2015-04-06T14:25:39Z
2085,2015-04-06T14:52:14Z
2086,2015-03-31T20:48:02Z
2087,2015-04-06T14:56:56Z
2088,2015-03-29T13:20:59Z
2089,2015-04-06T15:57:58Z
2090,2015-04-19T07:42:17Z
2091,2015-04-06T16:00:53Z
2092,2015-04-27T19:27:15Z
2093,2015-04-07T10:21:23Z
2094,2015-04-26T10:47:26Z
2095,2015-04-26T02:38:40Z
2096,2015-04-06T16:19:25Z
2097,2015-04-23T20:56:36Z
2098,2015-04-06T15:02:05Z
2099,2015-04-05T23:28:19Z
2100,2015-03-21T14:35:53Z
2101,2015-04-06T15:55:19Z
2102,2015-04-06T14:24:01Z
2103,2015-04-06T14:24:12Z
2104,2015-04-06T15:58:02Z
2105,2015-04-06T14:28:55Z
2106,2015-04-06T14:47:03Z
2107,2015-04-06T14:25:51Z
2108,2015-04-26T10:04:19Z
2109,2015-04-26T13:06:52Z
2110,2015-04-06T14:54:42Z
2111,2015-04-07T12:01:44Z
2112,2015-04-06T10:35:05Z
2113,2015-04-06T14:57:58Z
2114,2015-04-06T14:31:26Z
2115,2015-04-06T15:33:03Z
2116,2015-04-26T11:56:28Z
2117,2015-04-06T14:25:55Z
2118,2015-04-06T16:16:22Z
2119,2015-04-06T15:55:22Z
2120,2015-04-26T11:50:32Z
2121,2015-04-07T05:46:58Z
2122,2015-04-19T11:52:51Z
2123,2015-04-04T15:40:30Z
2124,2015-04-06T14:25:32Z
2125,2015-04-06T14:54:16Z
2126,2015-04-06T15:59:11Z
2127,2015-04-06T14:44:08Z
2128,2015-04-06T14:46:39Z
2129,2015-04-06T15:07:40Z
2130,2015-04-26T11:48:45Z
2131,2015-04-06T15:57:47Z
2132,2015-04-06T14:50:47Z
2133,2015-04-08T11:05:14Z
2134,2015-04-06T15:55:23Z
2135,2015-04-06T16:04:54Z
2136,2015-04-11T18:11:52Z
2137,2015-04-06T15:55:41Z
2138,2015-04-18T21:09:45Z
2139,2015-04-06T14:51:52Z
2140,2015-04-26T13:06:54Z
2141,2015-04-08T14:11:23Z
2142,2015-04-06T16:09:42Z
2143,2015-04-04T17:07:14Z
2144,2015-04-06T16:05:21Z
2145,2015-04-06T16:18:47Z
2146,2015-04-08T10:56:29Z
2147,2015-04-08T15:21:59Z
2148,2015-05-02T10:39:07Z
2149,2015-04-08T13:19:55Z
2150,2015-04-06T15:55:33Z
2151,2015-04-06T14:56:47Z
2152,2015-04-06T14:57:34Z
2153,2015-04-06T16:11:41Z
2154,2015-04-05T20:40:54Z
2155,2015-04-06T14:25:58Z
2156,2015-04-11T22:40:01Z
2157,2015-04-06T15:56:27Z
2158,2015-04-26T19:03:14Z
2159,2015-04-06T16:13:49Z
2160,2015-04-19T11:50:27Z
2161,2015-04-27T19:17:29Z
2162,2015-04-25T19:30:32Z
2163,2015-04-06T15:01:00Z
2164,2015-04-06T16:09:10Z
2165,2015-04-26T10:20:25Z
2166,2015-04-06T15:57:56Z
2167,2015-04-06T14:31:47Z
2168,2015-04-01T20:01:22Z
2169,2015-04-06T15:54:36Z
2170,2015-05-03T08:32:02Z
2171,2015-04-06T16:02:00Z
2172,2015-04-06T15:00:30Z
2173,2015-04-08T15:25:15Z
2174,2015-04-06T14:25:21Z
2175,2015-04-06T15:56:19Z
2176,2015-04-06T14:53:47Z
2177,2015-04-08T14:15:30Z
2178,2015-04-11T20:44:39Z
2179,2015-04-06T16:09:21Z
2180,2015-04-07T11:47:55Z
2181,2015-04-26T11:22:01Z
2182,2015-04-08T15:05:58Z
2183,2015-04-06T16:20:47Z
2184,2015-04-06T16:12:06Z
2185,2015-04-06T14:52:37Z
2186,2015-04-06T15:55:17Z
2187,2015-04-08T15:25:08Z
2188,2015-04-06T14:25:41Z
2189,2015-04-06T16:11:39Z
2190,2015-03-23T15:43:22Z
2191,2015-04-06T09:04:26Z
2192,2015-04-05T21:15:59Z
2193,2015-04-06T14:53:08Z
2194,2015-04-26T11:46:03Z
2195,2015-04-26T11:10:03Z
2196,2015-04-06T16:16:24Z
2197,2015-04-06T16:13:38Z
2198,2015-04-06T13:05:10Z
2199,2015-04-06T15:02:59Z
2200,2015-04-06T15:55:18Z
2201,2015-04-06T14:23:25Z
2202,2015-04-25T14:21:57Z
2203,2015-04-27T19:27:19Z
2204,2015-04-06T12:42:51Z
2205,2015-04-26T08:12:27Z
2206,2015-04-06T15:32:07Z
2207,2015-04-06T18:52:55Z
2208,2015-04-06T15:55:45Z
2209,2015-04-06T14:26:10Z
2210,2015-04-27T19:43:04Z
2211,2015-04-06T15:55:41Z
2212,2015-04-06T14:59:57Z
2213,2015-04-11T21:01:07Z
2214,2015-04-06T15:37:26Z
2215,2015-04-08T14:01:52Z
2216,2015-04-06T14:29:47Z
2217,2015-04-06T16:06:20Z
2218,2015-04-06T14:52:28Z
2219,2015-04-06T16:03:28Z
2220,2015-04-06T15:57:00Z
2221,2015-04-06T14:23:39Z
2222,2015-04-06T14:54:12Z
2223,2015-04-07T10:02:43Z
2224,2015-04-06T14:25:15Z
2225,2015-04-07T17:21:50Z
2226,2015-04-06T16:03:24Z
2227,2015-04-06T18:29:31Z
2228,2015-04-07T00:35:39Z
2229,2015-04-06T14:52:05Z
2230,2015-04-06T14:23:40Z
2231,2015-04-06T14:57:54Z
2232,2015-04-06T16:13:40Z
2233,2015-04-06T16:04:36Z
2234,2015-04-06T14:57:42Z
2235,2015-04-19T11:51:49Z
2236,2015-04-06T15:37:47Z
2237,2015-04-06T14:10:41Z
2238,2015-04-06T14:23:40Z
2239,2015-05-03T09:17:44Z
2240,2015-04-19T09:19:02Z
2241,2015-04-06T15:03:41Z
2242,2015-04-06T16:11:03Z
2243,2015-04-05T22:08:15Z
2244,2015-04-06T16:13:37Z
2245,2015-04-06T14:52:11Z
2246,2015-04-08T15:33:21Z
2247,2015-04-08T13:36:32Z
2248,2015-04-07T07:57:52Z
2249,2015-04-06T16:18:55Z
2250,2015-04-06T15:56:35Z
2251,2015-05-03T09:27:57Z
2252,2015-04-26T10:49:03Z
2253,2015-04-07T09:58:04Z
2254,2015-04-24T23:12:12Z
2255,2015-04-22T11:27:49Z
2256,2015-04-05T19:45:32Z
2257,2015-04-06T16:02:58Z
2258,2015-04-06T15:28:16Z
2259,2015-04-06T09:07:35Z
2260,2015-04-19T11:02:57Z
2261,2015-04-07T12:26:39Z
2262,2015-04-26T12:53:51Z
2263,2015-04-06T16:02:13Z
2264,2015-04-06T14:54:47Z
2265,2015-04-06T23:44:38Z
2266,2015-04-06T16:00:14Z
2267,2015-04-19T10:27:08Z
2268,2015-03-26T20:02:58Z
2269,2015-04-06T15:57:04Z
2270,2015-04-06T14:54:30Z
2271,2015-04-26T08:21:27Z
2272,2015-04-07T22:06:49Z
2273,2015-04-06T14:25:48Z
2274,2015-04-06T15:35:37Z
2275,2015-04-26T18:51:19Z
2276,2015-04-07T10:50:00Z
2277,2015-04-06T15:01:45Z
2278,2015-04-06T14:47:12Z
2279,2015-04-19T11:52:22Z
2280,2015-04-06T14:47:51Z
2281,2015-03-30T20:27:44Z
2282,2015-04-26T11:39:08Z
2283,2015-04-06T14:57:16Z
2284,2015-04-25T16:18:41Z
2285,2015-04-26T11:32:23Z
2286,2015-04-06T14:30:00Z
2287,2015-04-06T14:53:58Z
2288,2015-04-07T05:39:43Z
2289,2015-04-06T14:55:50Z
2290,2015-04-06T16:17:07Z
2291,2015-04-06T14:47:54Z
2292,2015-03-25T20:23:33Z
2293,2015-04-07T19:00:27Z
2294,2015-04-08T12:35:06Z
2295,2015-04-19T11:49:38Z
2296,2015-04-02T18:24:54Z
2297,2015-04-08T12:45:49Z
2298,2015-04-05T12:53:35Z
2299,2015-04-06T14:23:46Z
2300,2015-04-06T15:45:48Z
2301,2015-04-18T18:14:26Z
2302,2015-04-06T16:06:11Z
2303,2015-04-08T14:17:31Z
2304,2015-04-06T20:44:43Z
2305,2015-04-18T09:49:53Z
2306,2015-04-06T14:54:55Z
2307,2015-04-05T05:00:54Z
2308,2015-04-26T14:50:36Z
2309,2015-04-06T16:02:55Z
2310,2015-04-06T14:51:34Z
2311,2015-04-06T20:39:32Z
2312,2015-04-06T15:56:31Z
2313,2015-04-06T16:11:44Z
2314,2015-04-08T14:43:25Z
2315,2015-04-07T10:56:46Z
2316,2015-03-31T20:49:54Z
2317,2015-04-06T14:59:32Z
2318,2015-04-07T09:44:46Z
2319,2015-04-06T14:58:16Z
2320,2015-04-06T14:54:31Z
2321,2015-04-06T14:25:30Z
2322,2015-04-06T15:21:01Z
2323,2015-04-06T14:36:32Z
2324,2015-04-06T15:55:15Z
2325,2015-04-06T16:16:54Z
2326,2015-04-07T22:34:41Z
2327,2015-04-06T20:06:38Z
2328,2015-04-06T14:25:34Z
2329,2015-04-06T13:16:50Z
2330,2015-04-06T14:47:34Z
2331,2015-04-06T14:23:36Z
2332,2015-04-06T14:23:48Z
2333,2015-04-06T11:57:13Z
2334,2015-04-06T14:59:39Z
2335,2015-04-06T14:54:57Z
2336,2015-04-11T21:44:08Z
2337,2015-04-25T22:30:25Z
2338,2015-04-06T14:23:53Z
2339,2015-04-06T16:00:26Z
2340,2015-04-08T15:24:50Z
2341,2015-04-06T14:47:34Z
2342,2015-04-07T11:57:53Z
2343,2015-04-06T16:05:36Z
2344,2015-04-06T14:23:54Z
2345,2015-04-06T14:54:41Z
2346,2015-04-05T17:56:14Z
2347,2015-04-07T07:43:22Z
2348,2015-04-06T14:54:29Z
2349,2015-04-18T14:57:59Z
2350,2015-04-06T16:04:56Z
2351,2015-04-11T06:23:28Z
2352,2015-04-06T14:59:12Z
2353,2015-04-26T07:58:26Z
2354,2015-04-06T14:57:49Z
2355,2015-04-06T14:23:49Z
2356,2015-04-06T15:03:17Z
2357,2015-04-19T11:52:58Z
2358,2015-04-06T16:09:08Z
2359,2015-04-06T15:59:20Z
2360,2015-04-25T15:17:02Z
2361,2015-04-19T11:52:52Z
2362,2015-04-06T16:09:43Z
2363,2015-04-06T14:53:53Z
2364,2015-04-06T14:57:57Z
2365,2015-04-06T14:30:29Z
2366,2015-04-06T14:50:48Z
2367,2015-04-06T16:05:56Z
2368,2015-04-06T14:31:18Z
2369,2015-04-26T10:05:28Z
2370,2015-04-06T14:47:06Z
2371,2015-04-06T14:57:06Z
2372,2015-04-02T21:17:54Z
2373,2015-04-02T21:11:11Z
2374,2015-04-06T14:55:04Z
2375,2015-04-07T10:50:26Z
2376,2015-04-07T12:21:48Z
2377,2015-04-06T14:25:32Z
2378,2015-04-27T19:41:48Z
2379,2015-04-06T14:23:48Z
2380,2015-04-06T14:30:56Z
2381,2015-04-19T02:33:38Z
2382,2015-04-24T01:24:43Z
2383,2015-04-06T16:13:29Z
2384,2015-04-19T11:53:12Z
2385,2015-04-06T16:00:57Z
2386,2015-04-06T16:17:25Z
2387,2015-04-06T14:23:16Z
2388,2015-04-06T16:13:42Z
2389,2015-04-06T14:57:00Z
2390,2015-04-06T16:06:17Z
2391,2015-04-08T14:59:39Z
2392,2015-04-08T06:17:57Z
2393,2015-04-05T11:52:39Z
2394,2015-04-06T16:03:31Z
2395,2015-04-06T16:13:39Z
2396,2015-04-06T15:00:00Z
2397,2015-04-18T09:11:12Z
2398,2015-04-06T14:23:14Z
2399,2015-04-06T16:04:23Z
2400,2015-04-08T09:28:36Z
2401,2015-04-07T10:38:36Z
2402,2015-04-06T14:51:39Z
2403,2015-04-06T14:52:30Z
2404,2015-04-06T16:13:58Z
2405,2015-04-26T11:33:28Z
2406,2015-04-06T15:59:17Z
2407,2015-04-06T15:02:55Z
2408,2015-04-06T15:56:34Z
2409,2015-04-08T15:07:24Z
2410,2015-04-03T22:59:01Z
2411,2015-04-06T16:09:30Z
2412,2015-04-06T14:26:06Z
2413,2015-04-26T08:42:10Z
2414,2015-04-06T16:05:20Z
2415,2015-04-05T21:59:30Z
2416,2015-04-06T14:56:59Z
2417,2015-04-06T15:01:56Z
2418,2015-04-06T15:57:51Z
2419,2015-04-06T14:54:05Z
2420,2015-04-19T11:52:18Z
2421,2015-04-06T14:54:11Z
2422,2015-04-06T16:11:36Z
2423,2015-04-19T09:31:33Z
2424,2015-04-06T14:31:25Z
2425,2015-04-11T22:38:28Z
2426,2015-04-27T19:17:10Z
2427,2015-04-06T16:10:55Z
2428,2015-04-06T15:02:28Z
2429,2015-04-06T16:05:03Z
2430,2015-04-06T14:25:43Z
2431,2015-04-06T16:05:03Z
2432,2015-04-06T15:00:26Z
2433,2015-04-06T14:23:50Z
2434,2015-04-11T22:08:49Z
2435,2015-04-07T11:00:17Z
2436,2015-04-06T14:57:28Z
2437,2015-04-06T16:01:38Z
2438,2015-04-06T13:47:17Z
2439,2015-04-08T10:52:46Z
2440,2015-04-08T15:27:48Z
2441,2015-04-06T16:18:51Z
2442,2015-04-06T15:58:02Z
2443,2015-04-06T16:01:04Z
2444,2015-04-27T19:40:43Z
2445,2015-04-25T19:58:26Z
2446,2015-04-06T14:57:45Z
2447,2015-04-06T14:23:39Z
2448,2015-04-07T11:44:52Z
2449,2015-04-06T16:16:41Z
2450,2015-04-06T14:25:32Z
2451,2015-04-25T19:58:51Z
2452,2015-04-06T14:54:09Z
2453,2015-04-06T16:10:46Z
2454,2015-04-04T14:52:01Z
2455,2015-04-04T22:03:31Z
2456,2015-04-06T14:31:47Z
2457,2015-04-06T15:57:47Z
2458,2015-04-11T00:19:11Z
2459,2015-04-08T15:19:47Z
2460,2015-04-06T14:47:37Z
2461,2015-04-18T16:01:30Z
2462,2015-04-06T14:48:13Z
2463,2015-04-27T19:44:56Z
2464,2015-04-26T17:25:38Z
2465,2015-04-06T14:51:02Z
2466,2015-04-06T16:02:13Z
2467,2015-04-06T16:02:54Z
2468,2015-04-06T14:24:53Z
2469,2015-04-06T14:57:30Z
2470,2015-04-06T14:51:40Z
2471,2015-04-08T15:29:12Z
2472,2015-04-26T18:52:39Z
2473,2015-04-06T16:11:49Z
2474,2015-04-06T14:59:42Z
2475,2015-04-11T21:55:34Z
2476,2015-04-27T19:19:27Z
2477,2015-04-06T16:07:29Z
2478,2015-04-06T14:56:47Z
2479,2015-04-26T03:21:51Z
2480,2015-04-06T16:13:45Z
2481,2015-04-08T08:22:15Z
2482,2015-04-08T14:35:07Z
2483,2015-03-31T10:13:13Z
2484,2015-04-06T16:13:56Z
2485,2015-04-06T16:00:43Z
2486,2015-04-06T14:23:34Z
2487,2015-04-06T14:29:33Z
2488,2015-05-03T09:29:21Z
2489,2015-04-06T14:51:56Z
2490,2015-04-06T15:03:26Z
2491,2015-04-06T15:55:26Z
2492,2015-04-08T15:32:01Z
2493,2015-04-06T14:57:48Z
2494,2015-04-06T14:25:20Z
2495,2015-04-06T13:52:05Z
2496,2015-04-06T15:57:59Z
2497,2015-04-06T16:04:55Z
2498,2015-04-08T13:09:16Z
2499,2015-04-06T16:18:51Z
2500,2015-04-06T14:47:36Z
2501,2015-04-06T14:25:50Z
2502,2015-04-07T11:38:36Z
2503,2015-04-06T15:59:20Z
2504,2015-04-06T16:11:11Z
2505,2015-04-06T16:11:07Z
2506,2015-04-06T16:13:33Z
2507,2015-04-06T16:13:41Z
2508,2015-04-01T09:25:19Z
2509,2015-04-27T19:27:52Z
2510,2015-04-08T15:27:57Z
2511,2015-04-06T14:23:52Z
2512,2015-04-07T12:01:31Z
2513,2015-04-06T15:56:24Z
2514,2015-04-06T14:25:51Z
2515,2015-04-06T14:53:53Z
2516,2015-04-06T16:18:25Z
2517,2015-04-06T16:06:58Z
2518,2015-04-06T14:58:10Z
2519,2015-04-06T15:57:12Z
2520,2015-04-26T09:11:29Z
2521,2015-04-06T14:28:58Z
2522,2015-04-06T14:47:49Z
2523,2015-04-19T02:10:22Z
2524,2015-04-05T07:04:04Z
2525,2015-04-08T15:21:58Z
2526,2015-04-01T21:08:03Z
2527,2015-04-08T13:03:37Z
2528,2015-04-06T14:28:38Z
2529,2015-04-06T15:57:21Z
2530,2015-05-03T05:37:22Z
2531,2015-04-06T16:03:03Z
2532,2015-04-05T20:44:11Z
2533,2015-04-05T23:44:24Z
2534,2015-04-05T23:05:54Z
2535,2015-04-05T23:13:07Z
2536,2015-04-05T14:39:40Z
2537,2015-04-05T23:56:17Z
2538,2015-04-06T16:11:04Z
2539,2015-03-30T14:48:54Z
2540,2015-03-30T14:58:34Z
2541,2015-04-06T14:25:26Z
2542,2015-04-06T16:13:59Z
2543,2015-04-06T14:52:16Z
2544,2015-04-27T19:16:23Z
2545,2015-04-06T16:06:16Z
2546,2015-04-06T15:00:25Z
2547,2015-04-07T07:19:18Z
2548,2015-04-07T09:23:07Z
2549,2015-04-06T16:13:43Z
2550,2015-04-06T15:57:13Z
2551,2015-04-07T12:15:59Z
2552,2015-04-08T15:01:55Z
2553,2015-04-07T10:24:47Z
2554,2015-04-06T14:24:00Z
2555,2015-04-08T10:59:06Z
2556,2015-04-06T16:13:56Z
2557,2015-04-06T14:57:03Z
2558,2015-04-06T14:25:52Z
2559,2015-04-07T09:47:46Z
2560,2015-04-06T16:10:40Z
2561,2015-04-06T14:57:16Z
2562,2015-04-06T14:52:58Z
2563,2015-04-06T14:57:54Z
2564,2015-04-08T15:12:00Z
2565,2015-04-06T15:55:15Z
2566,2015-04-26T12:58:30Z
2567,2015-04-06T14:57:52Z
2568,2015-04-06T14:31:30Z
2569,2015-04-08T12:23:18Z
2570,2015-04-08T01:10:53Z
2571,2015-04-26T17:23:30Z
2572,2015-03-31T05:20:31Z
2573,2015-04-06T15:56:36Z
2574,2015-04-19T10:46:35Z
2575,2015-04-06T15:57:09Z
2576,2015-04-08T12:22:40Z
2577,2015-04-06T14:47:55Z
2578,2015-04-06T14:47:42Z
2579,2015-04-06T15:56:59Z
2580,2015-04-06T16:08:19Z
2581,2015-04-06T16:07:29Z
2582,2015-04-06T13:30:08Z
2583,2015-04-19T11:53:44Z
2584,2015-04-06T14:52:07Z
2585,2015-04-06T16:05:31Z
2586,2015-04-06T16:03:03Z
2587,2015-04-06T16:10:38Z
2588,2015-04-06T16:15:48Z
2589,2015-04-07T10:27:30Z
2590,2015-04-06T16:05:49Z
2591,2015-04-06T16:00:15Z
2592,2015-04-06T14:53:39Z
2593,2015-04-06T14:50:52Z
2594,2015-04-06T23:30:03Z
2595,2015-04-06T15:16:15Z
2596,2015-04-06T14:53:16Z
2597,2015-04-07T00:01:39Z
2598,2015-04-06T14:58:51Z
2599,2015-04-25T19:47:58Z
2600,2015-04-06T14:55:45Z
2601,2015-04-06T14:56:27Z
2602,2015-04-06T14:49:33Z
2603,2015-04-09T18:07:05Z
2604,2015-04-06T14:26:03Z
2605,2015-04-06T14:54:43Z
2606,2015-04-06T16:08:05Z
2607,2015-04-06T14:26:17Z
2608,2015-04-22T14:10:28Z
2609,2015-04-06T16:11:50Z
2610,2015-04-06T16:10:48Z
2611,2015-04-06T14:59:43Z
2612,2015-04-08T14:21:03Z
2613,2015-04-06T14:26:32Z
2614,2015-04-07T08:46:39Z
2615,2015-04-06T14:53:57Z
2616,2015-04-08T13:54:04Z
2617,2015-04-06T14:23:13Z
2618,2015-04-06T16:13:00Z
2619,2015-04-06T13:52:01Z
2620,2015-04-07T08:29:15Z
2621,2015-04-08T15:20:46Z
2622,2015-04-06T14:54:42Z
2623,2015-04-26T06:37:54Z
2624,2015-04-06T16:00:36Z
2625,2015-04-06T15:02:16Z
2626,2015-04-06T15:55:10Z
2627,2015-04-06T16:10:30Z
2628,2015-04-06T15:58:00Z
2629,2015-04-26T12:22:05Z
2630,2015-04-06T15:55:44Z
2631,2015-04-06T14:28:59Z
2632,2015-04-06T14:56:47Z
2633,2015-04-07T11:47:26Z
2634,2015-04-06T16:11:24Z
2635,2015-04-06T14:53:26Z
2636,2015-04-06T16:02:59Z
2637,2015-04-06T16:00:57Z
2638,2015-04-07T11:42:22Z
2639,2015-04-06T14:53:09Z
2640,2015-04-06T14:55:05Z
2641,2015-04-19T10:43:14Z
2642,2015-04-19T10:38:06Z
2643,2015-04-19T11:49:44Z
2644,2015-04-25T22:55:45Z
2645,2015-04-06T12:10:17Z
2646,2015-04-07T11:07:15Z
2647,2015-04-06T15:55:45Z
2648,2015-04-07T17:42:46Z
2649,2015-04-07T06:25:09Z
2650,2015-04-06T11:26:15Z
2651,2015-04-06T14:57:36Z
2652,2015-04-25T08:50:27Z
2653,2015-04-06T16:20:03Z
2654,2015-04-06T14:57:05Z
2655,2015-04-07T05:33:24Z
2656,2015-04-07T05:13:42Z
2657,2015-04-07T05:38:39Z
2658,2015-04-07T03:23:01Z
2659,2015-04-06T10:37:35Z
2660,2015-04-07T05:31:20Z
2661,2015-04-06T14:26:04Z
2662,2015-04-19T10:51:19Z
2663,2015-04-06T16:07:21Z
2664,2015-04-11T22:40:12Z
2665,2015-04-06T16:16:21Z
2666,2015-04-06T14:29:03Z
2667,2015-04-25T10:31:27Z
2668,2015-04-26T08:24:02Z
2669,2015-04-06T14:23:29Z
2670,2015-04-06T15:59:16Z
2671,2015-04-06T16:07:16Z
2672,2015-04-06T14:58:43Z
2673,2015-04-06T15:50:06Z
2674,2015-04-06T14:23:15Z
2675,2015-04-18T19:09:27Z
2676,2015-04-06T14:48:02Z
2677,2015-04-06T14:52:24Z
2678,2015-04-04T09:43:47Z
2679,2015-04-06T15:56:35Z
2680,2015-04-06T16:11:38Z
2681,2015-04-06T16:10:37Z
2682,2015-04-07T06:50:31Z
2683,2015-04-06T16:11:18Z
2684,2015-04-19T11:52:11Z
2685,2015-04-06T16:01:05Z
2686,2015-04-26T08:40:55Z
2687,2015-04-07T11:31:14Z
2688,2015-04-06T16:11:07Z
2689,2015-04-06T14:56:39Z
2690,2015-04-26T18:53:24Z
2691,2015-04-06T15:13:59Z
2692,2015-04-06T16:17:16Z
2693,2015-04-06T16:17:05Z
2694,2015-04-06T14:54:34Z
2695,2015-04-06T14:54:06Z
2696,2015-04-06T16:10:24Z
2697,2015-04-06T14:25:47Z
2698,2015-04-06T16:03:27Z
2699,2015-04-06T16:07:07Z
2700,2015-04-26T18:51:32Z
2701,2015-04-08T14:34:07Z
2702,2015-04-06T16:13:28Z
2703,2015-04-06T14:58:37Z
2704,2015-04-06T16:02:10Z
2705,2015-04-06T14:57:19Z
2706,2015-04-18T11:28:16Z
2707,2015-04-27T19:39:55Z
2708,2015-04-06T15:56:30Z
2709,2015-04-27T19:35:23Z
2710,2015-04-06T16:04:24Z
2711,2015-04-06T14:23:18Z
2712,2015-04-08T14:50:21Z
2713,2015-04-06T14:57:48Z
2714,2015-04-06T14:52:11Z
2715,2015-04-06T16:11:11Z
2716,2015-04-07T12:22:17Z
2717,2015-04-06T14:57:09Z
2718,2015-04-07T10:58:02Z
2719,2015-04-07T10:38:14Z
2720,2015-04-07T09:57:47Z
2721,2015-04-07T08:32:19Z
2722,2015-04-07T08:21:03Z
2723,2015-04-06T14:54:27Z
2724,2015-04-06T16:03:06Z
2725,2015-04-06T16:00:23Z
2726,2015-04-07T12:24:09Z
2727,2015-04-06T14:58:00Z
2728,2015-04-06T16:00:52Z
2729,2015-04-08T15:25:54Z
2730,2015-04-06T14:57:05Z
2731,2015-04-06T14:54:26Z
2732,2015-04-06T16:00:19Z
2733,2015-04-06T16:07:04Z
2734,2015-04-06T14:48:58Z
2735,2015-04-06T15:00:02Z
2736,2015-04-06T16:10:43Z
2737,2015-04-06T15:03:03Z
2738,2015-04-06T16:10:22Z
2739,2015-04-06T14:58:13Z
2740,2015-04-06T16:10:44Z
2741,2015-04-06T16:16:01Z
2742,2015-04-07T00:59:49Z
2743,2015-04-06T14:57:36Z
2744,2015-04-06T15:55:30Z
2745,2015-04-06T14:24:02Z
2746,2015-04-06T14:48:28Z
2747,2015-04-06T14:58:16Z
2748,2015-04-26T18:31:09Z
2749,2015-04-26T09:29:41Z
2750,2015-04-06T15:57:05Z
2751,2015-04-06T16:11:46Z
2752,2015-04-06T14:25:38Z
2753,2015-04-06T14:58:55Z
2754,2015-04-06T15:53:05Z
2755,2015-04-06T15:01:49Z
2756,2015-04-06T14:57:40Z
2757,2015-04-06T14:56:51Z
2758,2015-04-06T15:03:56Z
2759,2015-04-06T14:53:05Z
2760,2015-04-07T10:15:02Z
2761,2015-04-26T10:59:17Z
2762,2015-04-07T12:15:09Z
2763,2015-04-22T15:40:32Z
2764,2015-04-06T16:09:17Z
2765,2015-04-06T14:53:04Z
2766,2015-04-06T15:03:04Z
2767,2015-04-07T11:54:08Z
2768,2015-04-06T14:53:58Z
2769,2015-04-06T14:31:11Z
2770,2015-04-06T14:53:43Z
2771,2015-04-06T15:00:36Z
2772,2015-04-06T16:13:56Z
2773,2015-04-06T16:13:50Z
2774,2015-04-06T14:47:50Z
2775,2015-04-06T16:10:12Z
2776,2015-04-06T16:00:27Z
2777,2015-04-07T06:12:58Z
2778,2015-04-07T05:30:20Z
2779,2015-04-07T06:11:55Z
2780,2015-04-07T05:53:41Z
2781,2015-04-07T06:07:28Z
2782,2015-04-03T12:32:20Z
2783,2015-04-22T10:03:23Z
2784,2015-04-06T15:55:41Z
2785,2015-04-08T14:56:27Z
2786,2015-04-06T16:11:39Z
2787,2015-04-06T14:52:49Z
2788,2015-04-06T14:59:21Z
2789,2015-04-06T16:11:50Z
2790,2015-04-06T14:26:06Z
2791,2015-04-06T02:14:54Z
2792,2015-04-06T15:56:24Z
2793,2015-04-06T14:59:55Z
2794,2015-04-06T14:47:59Z
2795,2015-04-09T22:50:21Z
2796,2015-04-06T16:09:33Z
2797,2015-04-06T15:59:21Z
2798,2015-04-06T14:47:05Z
2799,2015-04-19T10:38:22Z
2800,2015-04-06T14:57:28Z
2801,2015-04-06T16:05:54Z
2802,2015-04-06T14:58:35Z
2803,2015-04-26T09:23:58Z
2804,2015-04-27T19:22:36Z
2805,2015-04-06T14:54:06Z
2806,2015-04-08T15:22:57Z
2807,2015-04-08T13:44:23Z
2808,2015-04-06T15:02:10Z
2809,2015-04-03T18:53:46Z
2810,2015-04-06T14:50:59Z
2811,2015-04-08T15:01:13Z
2812,2015-04-25T02:15:38Z
2813,2015-04-06T14:24:04Z
2814,2015-04-06T16:16:17Z
2815,2015-04-06T14:25:12Z
2816,2015-04-06T16:08:20Z
2817,2015-04-06T16:09:37Z
2818,2015-04-06T16:09:09Z
2819,2015-04-06T16:18:44Z
2820,2015-04-06T14:46:58Z
2821,2015-04-06T14:59:14Z
2822,2015-04-19T11:28:34Z
2823,2015-04-06T15:01:14Z
2824,2015-04-06T15:02:49Z
2825,2015-04-06T14:54:30Z
2826,2015-04-06T16:16:01Z
2827,2015-04-06T14:27:12Z
2828,2015-04-06T16:00:57Z
2829,2015-04-06T14:57:17Z
2830,2015-04-06T16:11:36Z
2831,2015-04-26T12:30:30Z
2832,2015-04-06T16:10:58Z
2833,2015-04-27T19:06:04Z
2834,2015-04-06T14:55:03Z
2835,2015-04-06T15:02:48Z
2836,2015-04-06T15:03:07Z
2837,2015-04-06T16:04:22Z
2838,2015-04-06T14:28:50Z
2839,2015-04-19T09:03:29Z
2840,2015-04-26T18:50:00Z
2841,2015-04-06T14:52:23Z
2842,2015-04-06T14:54:41Z
2843,2015-04-06T16:10:46Z
2844,2015-04-07T12:23:13Z
2845,2015-04-06T14:30:24Z
2846,2015-04-06T16:11:01Z
2847,2015-04-07T11:15:09Z
2848,2015-04-26T11:32:09Z
2849,2015-04-06T15:56:20Z
2850,2015-04-06T16:01:05Z
2851,2015-04-06T14:58:04Z
2852,2015-04-06T16:01:00Z
2853,2015-04-08T15:20:13Z
2854,2015-04-06T14:23:35Z
2855,2015-04-06T16:05:16Z
2856,2015-04-06T14:31:05Z
2857,2015-04-06T16:05:06Z
2858,2015-04-06T14:25:34Z
2859,2015-04-07T11:13:22Z
2860,2015-04-07T07:32:00Z
2861,2015-04-07T09:41:29Z
2862,2015-04-07T11:15:57Z
2863,2015-04-07T10:15:21Z
2864,2015-04-06T16:03:01Z
2865,2015-04-06T15:55:09Z
2866,2015-04-06T15:56:35Z
2867,2015-04-08T14:42:59Z
2868,2015-04-06T14:28:37Z
2869,2015-04-06T14:50:52Z
2870,2015-04-25T19:12:36Z
2871,2015-04-06T14:56:57Z
2872,2015-04-06T16:09:47Z
2873,2015-04-06T16:00:26Z
2874,2015-04-06T16:01:37Z
2875,2015-04-06T14:51:59Z
2876,2015-04-19T11:36:16Z
2877,2015-04-06T14:52:31Z
2878,2015-04-08T11:22:25Z
2879,2015-04-06T10:00:13Z
2880,2015-04-06T16:08:47Z
2881,2015-04-06T16:05:07Z
2882,2015-04-06T15:02:29Z
2883,2015-04-07T10:51:20Z
2884,2015-04-06T14:46:59Z
2885,2015-04-06T14:52:40Z
2886,2015-04-06T16:11:06Z
2887,2015-04-06T16:11:00Z
2888,2015-04-06T14:28:47Z
2889,2015-04-06T16:16:20Z
2890,2015-04-06T16:08:12Z
2891,2015-05-01T13:10:05Z
2892,2015-04-06T16:00:25Z
2893,2015-04-16T15:42:52Z
2894,2015-04-06T15:55:26Z
2895,2015-04-08T15:16:52Z
2896,2015-04-18T08:15:21Z
2897,2015-04-06T16:18:52Z
2898,2015-04-06T16:10:56Z
2899,2015-04-06T13:48:11Z
2900,2015-04-06T16:18:02Z
2901,2015-04-06T16:11:15Z
2902,2015-04-06T16:15:58Z
2903,2015-04-06T14:24:46Z
2904,2015-04-06T16:04:29Z
2905,2015-04-06T16:16:41Z
2906,2015-04-06T14:55:01Z
2907,2015-04-06T14:26:18Z
2908,2015-04-06T15:57:03Z
2909,2015-04-06T16:07:23Z
2910,2015-04-06T16:11:48Z
2911,2015-04-06T14:24:02Z
2912,2015-04-06T14:25:53Z
2913,2015-04-07T12:14:09Z
2914,2015-04-26T17:51:13Z
2915,2015-04-06T16:05:35Z
2916,2015-04-06T14:56:38Z
2917,2015-04-06T14:58:26Z
2918,2015-04-06T15:53:44Z
2919,2015-04-06T16:03:34Z
2920,2015-04-06T14:53:43Z
2921,2015-04-06T14:30:47Z
2922,2015-04-26T17:44:40Z
2923,2015-04-06T16:10:26Z
2924,2015-04-06T14:25:40Z
2925,2015-04-06T14:50:06Z
2926,2015-04-07T06:49:50Z
2927,2015-04-25T22:23:43Z
2928,2015-04-06T14:23:17Z
2929,2015-04-06T14:23:52Z
2930,2015-04-11T22:01:25Z
2931,2015-04-06T16:06:46Z
2932,2015-04-06T14:48:33Z
2933,2015-04-06T14:23:10Z
2934,2015-04-06T16:17:14Z
2935,2015-04-06T14:54:39Z
2936,2015-04-06T16:00:54Z
2937,2015-04-06T16:00:32Z
2938,2015-04-06T14:59:32Z
2939,2015-04-06T14:27:46Z
2940,2015-04-06T15:02:42Z
2941,2015-04-26T13:56:07Z
2942,2015-04-08T15:27:03Z
2943,2015-04-06T14:51:36Z
2944,2015-04-26T11:19:50Z
2945,2015-04-26T11:29:24Z
2946,2015-04-06T14:26:59Z
2947,2015-04-06T14:54:58Z
2948,2015-04-06T14:55:11Z
2949,2015-04-07T09:52:28Z
2950,2015-04-06T16:11:41Z
2951,2015-04-06T20:57:48Z
2952,2015-04-07T06:33:15Z
2953,2015-04-07T05:59:43Z
2954,2015-04-07T06:10:29Z
2955,2015-04-07T06:57:03Z
2956,2015-04-06T15:56:23Z
2957,2015-04-06T16:01:58Z
2958,2015-04-06T16:02:15Z
2959,2015-04-06T14:52:36Z
2960,2015-04-06T15:03:00Z
2961,2015-04-06T16:02:55Z
2962,2015-04-06T14:26:07Z
2963,2015-04-06T14:28:17Z
2964,2015-04-06T14:58:17Z
2965,2015-04-06T15:01:52Z
2966,2015-04-06T14:29:30Z
2967,2015-04-06T16:04:37Z
2968,2015-04-26T18:52:40Z
2969,2015-04-06T16:00:16Z
2970,2015-04-06T16:00:15Z
2971,2015-04-06T16:03:06Z
2972,2015-04-06T15:37:21Z
2973,2015-04-06T14:55:24Z
2974,2015-04-06T14:58:37Z
2975,2015-04-06T14:50:50Z
2976,2015-04-06T14:49:16Z
2977,2015-04-06T16:10:24Z
2978,2015-04-06T16:02:20Z
2979,2015-04-06T14:24:24Z
2980,2015-04-06T16:04:35Z
2981,2015-04-06T16:02:55Z
2982,2015-04-06T16:13:40Z
2983,2015-04-06T14:51:12Z
2984,2015-04-06T16:13:48Z
2985,2015-04-06T14:24:20Z
2986,2015-04-06T16:02:21Z
2987,2015-04-06T14:59:13Z
2988,2015-04-26T11:38:17Z
2989,2015-04-26T18:24:35Z
2990,2015-04-06T15:00:03Z
2991,2015-04-06T15:57:09Z
2992,2015-04-06T14:53:13Z
2993,2015-04-06T15:53:33Z
2994,2015-04-06T14:54:49Z
2995,2015-04-06T15:56:00Z
2996,2015-04-06T15:03:44Z
2997,2015-04-06T14:25:06Z
2998,2015-04-06T15:55:18Z
2999,2015-04-06T16:07:37Z
3000,2015-04-06T14:51:56Z
3001,2015-04-06T14:47:26Z
3002,2015-04-06T14:26:09Z
3003,2015-04-07T12:20:07Z
3004,2015-04-06T14:28:31Z
3005,2015-04-06T14:31:16Z
3006,2015-04-06T16:16:13Z
3007,2015-04-06T14:47:54Z
3008,2015-04-06T23:40:13Z
3009,2015-04-06T14:57:54Z
3010,2015-04-26T11:44:59Z
3011,2015-04-06T16:04:34Z
3012,2015-04-06T16:06:29Z
3013,2015-04-06T16:07:00Z
3014,2015-04-06T15:56:21Z
3015,2015-04-06T14:55:35Z
3016,2015-04-06T14:30:07Z
3017,2015-04-06T15:55:23Z
3018,2015-04-06T14:57:38Z
3019,2015-04-06T14:48:14Z
3020,2015-04-06T15:55:40Z
3021,2015-04-07T11:48:40Z
3022,2015-04-06T15:02:18Z
3023,2015-04-08T00:40:07Z
3024,2015-04-06T14:25:58Z
3025,2015-04-06T16:13:41Z
3026,2015-04-06T14:59:53Z
3027,2015-04-07T12:19:57Z
3028,2015-04-08T15:19:35Z
3029,2015-04-06T14:57:00Z
3030,2015-04-06T14:54:16Z
3031,2015-04-06T14:23:16Z
3032,2015-04-06T14:23:41Z
3033,2015-04-06T15:00:01Z
3034,2015-04-06T14:54:57Z
3035,2015-04-06T16:02:04Z
3036,2015-04-06T14:48:31Z
3037,2015-04-06T14:54:53Z
3038,2015-04-06T14:25:12Z
3039,2015-04-06T16:13:43Z
3040,2015-04-06T15:19:43Z
3041,2015-04-06T14:59:55Z
3042,2015-04-06T15:32:47Z
3043,2015-04-06T10:15:18Z
3044,2015-04-06T16:02:55Z
3045,2015-04-06T15:01:58Z
3046,2015-04-06T14:50:43Z
3047,2015-04-06T14:54:40Z
3048,2015-04-06T16:03:07Z
3049,2015-04-06T16:10:24Z
3050,2015-04-06T14:57:49Z
3051,2015-04-06T15:52:14Z
3052,2015-04-27T19:27:20Z
3053,2015-04-06T14:23:46Z
3054,2015-04-25T15:18:30Z
3055,2015-04-06T14:55:56Z
3056,2015-04-06T14:24:05Z
3057,2015-04-06T14:55:47Z
3058,2015-04-06T14:26:16Z
3059,2015-04-06T14:59:07Z
3060,2015-04-06T14:23:13Z
3061,2015-04-06T14:48:02Z
3062,2015-04-06T16:07:00Z
3063,2015-04-06T14:26:32Z
3064,2015-04-07T08:56:55Z
3065,2015-04-06T14:26:19Z
3066,2015-04-06T14:23:56Z
3067,2015-04-06T15:58:03Z
3068,2015-04-06T14:29:49Z
3069,2015-05-02T10:27:35Z
3070,2015-04-06T16:00:50Z
3071,2015-04-06T16:10:03Z
3072,2015-04-07T12:24:20Z
3073,2015-04-06T15:52:59Z
3074,2015-04-07T21:41:46Z
3075,2015-04-06T14:57:22Z
3076,2015-04-06T15:59:22Z
3077,2015-04-06T16:16:53Z
3078,2015-04-06T15:57:50Z
3079,2015-04-06T14:52:59Z
3080,2015-04-06T14:47:41Z
3081,2015-04-07T11:22:59Z
3082,2015-04-07T10:08:21Z
3083,2015-04-07T11:55:01Z
3084,2015-04-06T12:32:02Z
3085,2015-04-07T11:28:59Z
3086,2015-04-06T15:57:39Z
3087,2015-04-06T14:26:51Z
3088,2015-04-06T14:29:38Z
3089,2015-04-06T14:57:15Z
3090,2015-04-07T10:27:39Z
3091,2015-04-08T15:14:10Z
3092,2015-04-06T14:26:20Z
3093,2015-04-19T11:54:36Z
3094,2015-04-06T15:29:53Z
3095,2015-04-06T16:13:55Z
3096,2015-04-06T15:03:10Z
3097,2015-04-06T14:30:17Z
3098,2015-04-06T14:57:57Z
3099,2015-04-06T15:02:14Z
3100,2015-04-07T12:25:04Z
3101,2015-04-06T16:07:58Z
3102,2015-04-06T16:10:46Z
3103,2015-04-06T14:26:10Z
3104,2015-04-06T14:47:33Z
3105,2015-04-06T14:31:52Z
3106,2015-04-06T14:53:54Z
3107,2015-04-06T16:00:20Z
3108,2015-04-06T14:32:12Z
3109,2015-04-06T16:03:35Z
3110,2015-04-06T16:05:35Z
3111,2015-04-06T16:09:58Z
3112,2015-04-06T14:27:44Z
3113,2015-04-06T14:54:48Z
3114,2015-04-06T14:24:08Z
3115,2015-04-26T11:34:17Z
3116,2015-04-06T15:57:56Z
3117,2015-04-06T14:47:14Z
3118,2015-04-06T16:09:24Z
3119,2015-04-07T11:06:42Z
3120,2015-04-06T12:07:25Z
3121,2015-04-06T14:28:01Z
3122,2015-04-06T16:01:39Z
3123,2015-04-06T16:11:35Z
3124,2015-04-06T15:56:17Z
3125,2015-04-06T16:00:58Z
3126,2015-04-06T15:55:04Z
3127,2015-04-06T14:51:16Z
3128,2015-04-06T14:51:17Z
3129,2015-04-18T15:43:17Z
3130,2015-04-06T14:28:40Z
3131,2015-04-06T14:54:50Z
3132,2015-04-06T16:13:37Z
3133,2015-04-06T15:02:20Z
3134,2015-04-06T14:30:25Z
3135,2015-04-19T11:15:02Z
3136,2015-04-08T14:07:10Z
3137,2015-04-06T16:13:36Z
3138,2015-04-06T16:09:59Z
3139,2015-04-06T15:00:30Z
3140,2015-04-06T14:26:41Z
3141,2015-04-06T16:19:32Z
3142,2015-04-06T14:29:30Z
3143,2015-04-06T15:44:46Z
3144,2015-04-06T16:10:09Z
3145,2015-04-06T14:52:12Z
3146,2015-04-06T14:54:06Z
3147,2015-04-06T16:01:03Z
3148,2015-04-06T15:55:55Z
3149,2015-04-06T15:16:30Z
3150,2015-04-06T14:26:04Z
3151,2015-04-06T16:02:51Z
3152,2015-04-06T14:27:16Z
3153,2015-04-06T16:10:32Z
3154,2015-04-06T16:01:36Z
3155,2015-04-06T14:58:02Z
3156,2015-04-06T14:54:10Z
3157,2015-04-06T14:57:01Z
3158,2015-04-06T14:27:40Z
3159,2015-04-06T14:30:50Z
3160,2015-04-06T15:56:51Z
3161,2015-04-06T15:57:21Z
3162,2015-04-06T14:53:43Z
3163,2015-04-06T14:28:46Z
3164,2015-04-26T12:35:35Z
3165,2015-04-06T14:58:12Z
3166,2015-04-06T14:52:05Z
3167,2015-04-06T16:01:03Z
3168,2015-04-06T14:27:04Z
3169,2015-04-06T16:02:13Z
3170,2015-04-08T14:59:46Z
3171,2015-04-06T15:55:42Z
3172,2015-04-06T16:00:55Z
3173,2015-04-06T14:51:03Z
3174,2015-04-06T16:00:44Z
3175,2015-04-06T15:00:28Z
3176,2015-04-06T15:59:20Z
3177,2015-04-06T14:29:01Z
3178,2015-04-06T14:26:47Z
3179,2015-04-06T16:18:57Z
3180,2015-04-06T14:58:36Z
3181,2015-04-06T14:57:23Z
3182,2015-04-06T14:28:20Z
3183,2015-04-06T14:56:43Z
3184,2015-04-06T14:26:40Z
3185,2015-04-06T14:51:02Z
3186,2015-04-06T15:47:09Z
3187,2015-04-06T14:51:11Z
3188,2015-04-07T00:30:43Z
3189,2015-04-06T14:31:24Z
3190,2015-04-06T15:01:31Z
3191,2015-04-06T14:53:35Z
3192,2015-04-06T14:50:51Z
3193,2015-04-06T14:58:35Z
3194,2015-04-06T14:51:54Z
3195,2015-04-06T15:56:37Z
3196,2015-04-06T16:04:16Z
3197,2015-04-06T16:17:02Z
3198,2015-04-06T14:59:18Z
3199,2015-04-06T15:57:56Z
3200,2015-04-06T15:01:53Z
3201,2015-04-06T15:55:44Z
3202,2015-04-06T16:08:03Z
3203,2015-04-06T16:02:40Z
3204,2015-04-06T14:58:43Z
3205,2015-04-06T15:57:55Z
3206,2015-04-19T10:05:35Z
3207,2015-04-06T15:55:43Z
3208,2015-04-06T15:00:07Z
3209,2015-04-06T16:03:21Z
3210,2015-04-06T14:59:20Z
3211,2015-04-06T16:12:12Z
3212,2015-04-08T15:08:21Z
3213,2015-04-06T16:10:59Z
3214,2015-04-06T16:01:01Z
3215,2015-04-06T16:18:49Z
3216,2015-04-06T15:55:33Z
3217,2015-04-06T16:01:01Z
3218,2015-04-26T09:26:16Z
3219,2015-04-08T13:36:37Z
3220,2015-04-06T15:57:52Z
3221,2015-04-06T16:00:25Z
3222,2015-04-06T16:04:58Z
3223,2015-04-06T16:08:47Z
3224,2015-04-06T16:08:35Z
3225,2015-04-06T16:17:13Z
3226,2015-04-06T15:55:24Z
3227,2015-04-26T11:25:55Z
3228,2015-04-06T16:01:48Z
3229,2015-04-06T15:55:32Z
3230,2015-04-06T15:57:15Z
3231,2015-04-26T11:37:16Z
3232,2015-04-06T16:03:52Z
3233,2015-04-06T16:11:12Z
3234,2015-04-06T16:11:12Z
3235,2015-04-06T16:02:29Z
3236,2015-04-06T16:10:05Z
3237,2015-04-06T16:13:33Z
3238,2015-04-06T16:10:46Z
3239,2015-04-06T18:30:17Z
3240,2015-04-27T19:25:25Z
3241,2015-04-26T11:23:25Z
3242,2015-04-26T10:53:57Z
3243,2015-04-11T21:10:03Z
3244,2015-04-25T21:01:53Z
3245,2015-04-19T11:53:26Z
3246,2015-04-26T11:44:40Z
3247,2015-04-08T15:06:44Z
3248,2015-04-25T23:09:14Z
3249,2015-04-26T11:40:49Z
3250,2015-04-08T14:58:41Z
3251,2015-04-26T19:00:21Z
3252,2015-04-07T11:24:16Z
3253,2015-04-07T11:46:12Z
3254,2015-04-07T12:03:58Z
3255,2015-04-07T11:39:25Z
3256,2015-04-13T14:45:40Z
3257,2015-04-07T12:04:11Z
3258,2015-04-11T20:46:18Z
3259,2015-04-08T15:16:13Z
3260,2015-04-07T12:16:42Z
3261,2015-04-07T12:22:08Z
3262,2015-04-26T18:53:15Z
3263,2015-04-08T15:19:35Z
3264,2015-04-27T19:24:48Z
3265,2015-04-26T11:44:03Z
3266,2015-04-26T10:59:55Z
3267,2015-04-26T11:31:36Z
3268,2015-04-26T18:52:58Z
3269,2015-04-08T15:01:02Z
3270,2015-05-02T18:49:06Z
3271,2015-04-08T15:05:55Z
3272,2015-04-26T18:51:21Z
3273,2015-04-27T19:16:48Z
3274,2015-04-27T19:15:53Z
3275,2015-04-26T18:50:35Z
3276,2015-04-26T11:05:29Z
3277,2015-04-26T10:41:57Z
3278,2015-04-25T15:41:36Z
3279,2015-04-26T11:53:40Z
3280,2015-04-26T10:28:58Z
3281,2015-04-27T19:41:53Z
3282,2015-04-26T06:56:46Z
3283,2015-04-26T16:59:21Z
3284,2015-04-26T18:52:54Z
3285,2015-04-26T16:30:33Z
3286,2015-04-26T11:15:38Z
3287,2015-04-26T18:05:42Z
3288,2015-05-03T00:49:04Z
3289,2015-04-26T10:36:25Z
3290,2015-04-24T21:15:42Z
3291,2015-04-26T12:59:00Z
3292,2015-04-27T19:14:30Z
3293,2015-04-27T19:43:20Z
3294,2015-04-26T12:38:49Z
3295,2015-05-03T06:58:53Z
3296,2015-04-26T11:45:36Z
3297,2015-04-11T18:31:13Z
3298,2015-04-27T19:31:25Z
3299,2015-04-11T20:01:16Z
3300,2015-04-26T03:38:25Z
3301,2015-04-11T22:42:19Z
3302,2015-04-11T22:37:57Z
3303,2015-05-03T00:53:48Z
3304,2015-04-30T19:06:48Z
3305,2015-04-27T19:43:29Z
3306,2015-04-25T13:34:52Z
3307,2015-04-17T17:30:53Z
3308,2015-04-26T11:49:31Z
3309,2015-04-26T11:48:20Z
3310,2015-04-18T23:06:38Z
3311,2015-04-26T11:14:02Z
3312,2015-04-27T19:25:50Z
3313,2015-04-26T18:38:32Z
3314,2015-04-19T11:52:57Z
3315,2015-04-26T10:34:40Z
3316,2015-04-24T19:10:10Z
3317,2015-05-01T15:47:46Z
3318,2015-04-22T07:44:29Z
3319,2015-04-26T13:11:05Z
3320,2015-04-26T11:01:47Z
3321,2015-04-19T11:54:25Z
3322,2015-04-26T09:09:33Z
3323,2015-04-19T11:51:07Z
3324,2015-04-26T18:45:24Z
3325,2015-05-03T08:23:23Z
3326,2015-04-26T07:11:11Z
3327,2015-04-26T10:13:23Z
3328,2015-04-26T18:51:52Z
3329,2015-04-19T11:51:47Z
3330,2015-04-19T15:35:42Z
3331,2015-04-26T18:52:45Z
3332,2015-04-27T19:44:05Z
3333,2015-04-18T16:40:19Z
3334,2015-04-18T12:59:31Z
3335,2015-04-26T18:52:42Z
3336,2015-04-26T18:52:42Z
3337,2015-04-27T19:27:44Z
3338,2015-04-26T15:40:02Z
3339,2015-04-27T19:37:49Z
3340,2015-04-20T15:16:23Z
3341,2015-04-27T19:43:05Z
3342,2015-04-19T11:51:09Z
3343,2015-04-27T19:30:12Z
3344,2015-04-27T19:10:39Z
3345,2015-04-26T18:09:55Z
3346,2015-04-26T18:32:20Z
3347,2015-04-19T11:49:00Z
3348,2015-04-25T18:04:20Z
3349,2015-05-03T09:37:02Z
3350,2015-04-26T13:14:33Z
3351,2015-04-26T11:20:53Z
3352,2015-05-02T11:55:34Z
3353,2015-04-26T11:48:52Z
3354,2015-04-22T14:53:47Z
3355,2015-04-26T11:34:21Z
3356,2015-04-19T11:52:41Z
3357,2015-04-19T09:14:27Z
3358,2015-05-03T05:29:22Z
3359,2015-04-26T03:40:01Z
3360,2015-04-27T19:36:15Z
3361,2015-04-26T13:00:27Z
3362,2015-04-27T19:07:13Z
3363,2015-04-27T19:13:10Z
3364,2015-04-26T10:17:38Z
3365,2015-04-26T13:19:09Z
3366,2015-04-19T11:52:31Z
3367,2015-04-26T10:02:38Z
3368,2015-04-20T18:28:14Z
3369,2015-04-26T18:51:35Z
3370,2015-04-26T09:05:24Z
3371,2015-04-26T13:23:20Z
3372,2015-04-19T11:35:45Z
3373,2015-04-18T18:23:07Z
3374,2015-05-03T08:00:57Z
3375,2015-04-18T22:01:16Z
3376,2015-04-24T15:01:06Z
3377,2015-04-19T11:51:38Z
3378,2015-04-19T11:53:02Z
3379,2015-04-27T19:40:54Z
3380,2015-04-25T20:41:29Z
3381,2015-05-03T08:13:22Z
3382,2015-04-19T11:52:01Z
3383,2015-04-19T11:51:24Z
3384,2015-04-19T11:53:33Z
3385,2015-05-02T21:09:03Z
3386,2015-04-27T19:23:04Z
3387,2015-04-19T11:54:14Z
3388,2015-04-26T08:54:22Z
3389,2015-04-27T19:38:28Z
3390,2015-04-21T10:14:28Z
3391,2015-04-27T19:39:37Z
3392,2015-04-19T11:51:44Z
3393,2015-04-22T10:02:29Z
3394,2015-04-19T11:54:48Z
3395,2015-04-25T15:32:14Z
3396,2015-04-25T15:24:18Z
3397,2015-04-26T11:32:39Z
3398,2015-04-19T11:54:19Z
3399,2015-04-21T06:15:39Z
3400,2015-04-19T11:52:52Z
3401,2015-05-03T09:23:34Z
3402,2015-04-19T11:53:33Z
3403,2015-04-27T19:09:30Z
3404,2015-04-28T13:50:28Z
3405,2015-04-25T21:06:54Z
3406,2015-04-30T08:40:48Z
3407,2015-04-27T19:10:48Z
3408,2015-04-27T19:38:54Z
3409,2015-04-26T12:05:49Z
3410,2015-04-25T23:23:31Z
3411,2015-04-26T12:37:34Z
3412,2015-05-03T09:47:16Z
3413,2015-04-26T08:46:57Z
3414,2015-05-03T07:46:07Z
3415,2015-04-27T19:10:05Z
3416,2015-04-30T19:55:54Z
3417,2015-04-26T16:43:23Z
3418,2015-04-26T05:46:15Z
3419,2015-04-26T15:17:38Z
3420,2015-05-03T10:00:51Z
3421,2015-04-21T22:54:25Z
3422,2015-04-26T11:15:04Z
3423,2015-04-22T10:18:20Z
3424,2015-04-22T08:05:53Z
3425,2015-04-20T08:19:52Z
3426,2015-04-20T20:07:09Z
3427,2015-04-25T11:40:01Z
3428,2015-04-26T13:02:20Z
3429,2015-04-25T06:23:10Z
3430,2015-04-26T12:59:36Z
3431,2015-04-26T10:22:29Z
3432,2015-04-26T15:52:42Z
3433,2015-04-26T10:36:53Z
3434,2015-04-27T19:38:48Z
3435,2015-04-27T19:27:16Z
3436,2015-04-26T13:19:59Z
3437,2015-04-27T19:21:56Z
3438,2015-04-22T09:05:53Z
3439,2015-04-27T19:41:09Z
3440,2015-04-26T18:53:22Z
3441,2015-04-26T18:45:56Z
3442,2015-04-26T11:47:56Z
3443,2015-04-22T06:38:11Z
3444,2015-05-03T08:24:24Z
3445,2015-04-26T18:51:34Z
3446,2015-04-26T06:34:06Z
3447,2015-04-26T06:23:14Z
3448,2015-04-22T13:41:13Z
3449,2015-04-25T07:08:34Z
3450,2015-05-02T13:54:13Z
3451,2015-04-26T12:21:52Z
3452,2015-04-26T13:20:00Z
3453,2015-04-26T11:42:46Z
3454,2015-04-27T19:22:09Z
3455,2015-04-26T18:53:44Z
3456,2015-05-03T09:39:05Z
3457,2015-05-03T09:57:06Z
3458,2015-04-26T11:17:18Z
3459,2015-04-26T10:39:04Z
3460,2015-04-26T11:13:44Z
3461,2015-04-25T19:15:06Z
3462,2015-04-26T18:53:01Z
3463,2015-04-25T22:18:25Z
3464,2015-04-26T18:51:18Z
3465,2015-05-03T05:12:24Z
3466,2015-04-26T11:42:40Z
3467,2015-04-26T14:11:30Z
3468,2015-04-27T19:41:16Z
3469,2015-04-26T18:53:11Z
3470,2015-04-27T19:42:35Z
3471,2015-05-03T02:13:18Z
3472,2015-05-03T09:43:46Z
3473,2015-04-26T12:43:09Z
3474,2015-04-26T12:25:57Z
3475,2015-04-26T15:06:37Z
3476,2015-04-27T19:34:45Z
3477,2015-04-26T11:09:09Z
3478,2015-04-30T18:54:44Z
3479,2015-04-26T18:52:26Z
3480,2015-04-26T11:36:14Z
3481,2015-05-03T08:40:57Z
3482,2015-04-26T18:50:58Z
3483,2015-04-26T18:50:52Z
3484,2015-04-24T22:16:03Z
3485,2015-04-27T19:01:57Z
3486,2015-04-27T19:38:09Z
3487,2015-04-26T15:04:27Z
3488,2015-04-27T19:12:17Z
3489,2015-04-26T18:50:46Z
3490,2015-04-26T18:52:33Z
3491,2015-04-26T13:16:16Z
3492,2015-04-26T18:53:08Z
3493,2015-05-03T07:20:12Z
3494,2015-04-27T19:40:55Z
3495,2015-04-26T18:50:42Z
3496,2015-04-27T19:28:46Z
3497,2015-04-27T19:41:49Z
3498,2015-04-26T18:52:28Z
3499,2015-04-26T14:50:33Z
3500,2015-04-25T23:10:12Z
3501,2015-04-27T19:21:31Z
3502,2015-04-26T18:50:36Z
3503,2015-04-26T18:50:35Z
3504,2015-04-26T18:51:12Z
3505,2015-05-03T01:14:00Z
3506,2015-04-26T18:52:01Z
3507,2015-04-27T19:37:50Z
3508,2015-04-26T17:51:10Z
3509,2015-04-26T18:52:40Z
3510,2015-04-26T18:52:01Z
3511,2015-04-26T18:51:33Z
3512,2015-04-26T18:53:14Z
3513,2015-04-27T19:32:36Z
3514,2015-04-26T18:52:55Z
3515,2015-05-03T09:29:00Z
3516,2015-04-26T18:52:26Z
3517,2015-04-26T18:39:32Z
3518,2015-04-26T18:51:32Z
3519,2015-05-03T08:14:52Z
3520,2015-05-03T09:26:01Z
3521,2015-05-03T07:05:46Z
3522,2015-05-03T07:14:13Z
3523,2015-05-03T09:23:30Z
3524,2015-04-27T11:16:02Z
3525,2015-05-03T05:14:02Z
3526,2015-05-03T05:16:22Z
3527,2015-05-03T05:44:20Z
3528,2015-04-27T19:18:45Z
3529,2015-04-28T06:48:18Z
3530,2015-05-03T09:37:01Z
3531,2015-04-27T19:36:06Z
3532,2015-04-27T19:39:39Z
3533,2015-05-03T09:40:01Z
3534,2015-04-27T19:41:05Z
3535,2015-04-27T19:40:23Z
3536,2015-04-30T20:07:24Z
3537,2015-05-03T00:42:49Z
3538,2015-05-03T00:46:27Z
3539,2015-05-03T00:24:36Z
3540,2015-05-03T08:39:24Z
3541,2015-04-29T06:57:48Z
3542,2015-05-03T09:47:25Z
3543,2015-05-03T06:03:46Z
3544,2015-05-03T06:32:16Z
3545,2015-05-03T06:03:14Z
3546,2015-05-03T09:39:44Z
3547,2015-05-02T20:29:46Z
3548,2015-05-03T06:56:51Z
3549,2015-05-01T20:08:11Z
3550,2015-05-03T07:38:30Z
3551,2015-05-02T12:37:47Z
3552,2015-05-02T19:29:37Z
3553,2015-04-30T19:59:10Z
3554,2015-05-03T09:57:12Z
3555,2015-05-03T06:17:04Z
3556,2015-05-03T06:45:49Z
3557,2015-05-03T10:01:04Z
3558,2015-05-03T09:43:01Z
3559,2015-05-01T12:49:36Z
3560,2015-05-03T08:46:02Z
3561,2015-05-03T09:54:51Z
3562,2015-05-03T09:49:50Z
3563,2015-05-01T21:49:47Z
3564,2015-05-03T07:28:42Z
3565,2015-05-03T07:16:57Z
3566,2015-05-03T09:00:20Z
3567,2015-05-03T07:30:09Z
3568,2015-05-03T08:59:57Z
3569,2015-05-03T08:57:34Z
3570,2015-05-03T09:08:27Z
3571,2015-05-03T06:51:33Z
