datetime,Kisses
4/25/2015,239
4/26/2015,13
4/6/2015,88
4/7/2015,1015
4/6/2015,1413
4/8/2015,180
4/27/2015,492
4/8/2015,1348
4/7/2015,2389
4/6/2015,147
4/26/2015,421
4/8/2015,117
4/6/2015,2102
4/26/2015,787
4/8/2015,116
4/26/2015,643
4/6/2015,1195
4/25/2015,1148
4/26/2015,647
4/25/2015,86
4/26/2015,143
4/8/2015,982
4/25/2015,812
4/6/2015,25
4/7/2015,1282
4/25/2015,125
4/26/2015,533
4/6/2015,431
4/26/2015,361
4/8/2015,1901
4/8/2015,2926
4/25/2015,38
4/26/2015,478
4/6/2015,710
4/7/2015,25
4/6/2015,194
4/8/2015,468
4/27/2015,1469
4/8/2015,368
4/7/2015,143
4/6/2015,134
4/26/2015,124
4/8/2015,360
4/6/2015,486
4/26/2015,6
4/8/2015,1065
4/26/2015,316
4/6/2015,1717
4/25/2015,1016
4/26/2015,297
4/25/2015,216
4/26/2015,328
4/8/2015,81
4/25/2015,158
4/6/2015,97
4/7/2015,89
4/25/2015,37
4/26/2015,754
4/6/2015,138
4/26/2015,548
4/8/2015,2358
4/8/2015,1196
4/8/2015,3679
4/6/2015,292
4/26/2015,272
4/6/2015,132
4/19/2015,35
4/26/2015,1306
4/24/2015,203
4/8/2015,530
4/26/2015,301
4/6/2015,1173
4/26/2015,335
4/6/2015,39
4/25/2015,772
4/6/2015,623
4/26/2015,6155
4/8/2015,1194
4/6/2015,0
4/26/2015,348
4/26/2015,1978
4/11/2015,638
4/26/2015,450
4/5/2015,52
4/6/2015,362
4/8/2015,467
4/6/2015,1187
4/6/2015,1898
4/6/2015,317
4/27/2015,593
4/26/2015,3739
4/6/2015,734
4/6/2015,290
4/7/2015,20
4/27/2015,551
4/6/2015,1854
5/3/2015,1027
4/26/2015,2750
4/6/2015,1084
4/26/2015,158
4/6/2015,1117
4/6/2015,413
4/25/2015,241
4/6/2015,730
4/6/2015,316
4/7/2015,355
4/25/2015,746
4/26/2015,22
4/6/2015,644
4/26/2015,88
4/8/2015,644
4/8/2015,298
4/25/2015,2146
4/26/2015,3687
4/6/2015,1116
4/7/2015,276
4/6/2015,667
4/8/2015,189
4/27/2015,396
4/8/2015,142
4/7/2015,188
4/6/2015,40
4/26/2015,338
4/8/2015,247
4/6/2015,520
4/26/2015,885
4/8/2015,764
4/26/2015,29
4/6/2015,2338
4/25/2015,657
4/26/2015,759
4/25/2015,225
4/26/2015,2137
4/8/2015,1559
4/25/2015,42
4/6/2015,216
4/7/2015,864
4/25/2015,234
4/26/2015,120
4/6/2015,57
4/26/2015,180
4/8/2015,670
4/8/2015,475
4/8/2015,242
4/6/2015,164
4/26/2015,64
4/6/2015,3
4/19/2015,1414
4/26/2015,6
4/24/2015,62
4/8/2015,3556
4/26/2015,461
4/6/2015,4269
4/26/2015,801
4/6/2015,323
4/25/2015,9288
4/6/2015,478
4/26/2015,28
4/8/2015,238
4/6/2015,178
4/26/2015,405
4/26/2015,4527
4/11/2015,164
4/26/2015,300
4/5/2015,88
4/6/2015,2187
4/8/2015,490
4/6/2015,115
4/6/2015,106
4/6/2015,500
4/27/2015,1306
4/26/2015,53
4/6/2015,333
4/6/2015,242
4/7/2015,163
4/27/2015,234
4/6/2015,43
5/3/2015,426
4/26/2015,437
4/6/2015,4
4/26/2015,617
4/6/2015,518
4/6/2015,735
4/25/2015,233
4/6/2015,1003
4/6/2015,119
4/7/2015,1235
4/26/2015,729
4/6/2015,1046
4/6/2015,93
4/19/2015,862
4/6/2015,277
4/6/2015,137
4/11/2015,481
4/24/2015,640
4/6/2015,942
4/25/2015,1106
4/8/2015,618
4/25/2015,1346
4/6/2015,41
4/8/2015,271
4/6/2015,889
4/26/2015,217
4/6/2015,520
4/6/2015,339
3/28/2015,1925
4/6/2015,79
4/6/2015,151
4/26/2015,239
4/23/2015,317
4/8/2015,926
4/18/2015,2135
4/26/2015,275
4/26/2015,132
4/8/2015,157
4/26/2015,168
4/8/2015,718
4/7/2015,831
4/6/2015,918
4/26/2015,837
4/25/2015,163
4/7/2015,413
4/5/2015,149
4/8/2015,211
4/26/2015,143
4/6/2015,123
4/26/2015,1928
4/3/2015,4436
4/26/2015,303
4/6/2015,491
4/6/2015,1004
4/27/2015,844
4/26/2015,55
4/6/2015,447
4/6/2015,321
4/7/2015,3599
4/27/2015,139
4/6/2015,98
5/3/2015,656
4/26/2015,170
4/6/2015,697
4/26/2015,263
4/6/2015,1680
4/6/2015,268
4/25/2015,115
4/6/2015,223
4/6/2015,6
4/7/2015,1754
4/26/2015,1058
4/6/2015,3099
4/6/2015,190
4/19/2015,334
4/6/2015,914
4/6/2015,1428
4/11/2015,754
4/24/2015,115
4/6/2015,52
4/25/2015,20
4/8/2015,53
4/25/2015,643
4/6/2015,5
4/8/2015,582
4/6/2015,1564
4/26/2015,57
4/6/2015,1045
4/6/2015,957
3/28/2015,1068
4/6/2015,666
4/6/2015,1046
4/26/2015,945
4/23/2015,1301
4/8/2015,40
4/18/2015,1725
4/26/2015,851
4/26/2015,314
4/8/2015,121
4/26/2015,608
4/8/2015,1188
4/7/2015,106
4/6/2015,104
4/26/2015,152
4/25/2015,245
4/7/2015,61
4/5/2015,757
4/8/2015,169
4/26/2015,290
4/6/2015,24
4/26/2015,530
4/3/2015,199
4/26/2015,1484
4/21/2015,14
4/26/2015,28
4/7/2015,1120
4/26/2015,703
4/26/2015,719
4/25/2015,330
4/21/2015,335
4/8/2015,260
4/25/2015,80
5/2/2015,419
4/4/2015,91
4/26/2015,1401
4/25/2015,197
4/26/2015,455
4/6/2015,23
4/19/2015,589
4/26/2015,426
4/6/2015,141
4/8/2015,340
4/26/2015,1911
4/25/2015,372
4/6/2015,86
5/3/2015,391
4/6/2015,81
4/22/2015,306
4/26/2015,59
4/6/2015,72
4/26/2015,991
4/8/2015,476
4/7/2015,22
4/6/2015,208
4/25/2015,100
4/6/2015,881
4/8/2015,131
4/19/2015,664
4/6/2015,412
4/6/2015,116
4/6/2015,65
4/24/2015,415
4/8/2015,16
4/8/2015,41
4/27/2015,397
4/26/2015,318
4/26/2015,178
4/7/2015,25
4/14/2015,53
4/26/2015,236
4/8/2015,144
4/8/2015,497
4/8/2015,672
4/6/2015,1180
4/19/2015,79
4/6/2015,741
4/6/2015,929
4/8/2015,632
4/26/2015,393
4/19/2015,270
4/11/2015,307
4/6/2015,1484
4/25/2015,112
4/26/2015,764
4/6/2015,219
4/7/2015,171
4/6/2015,187
4/8/2015,309
4/27/2015,55
4/8/2015,166
4/7/2015,200
4/6/2015,79
4/26/2015,267
4/8/2015,95
4/6/2015,66
4/26/2015,347
4/8/2015,21
4/26/2015,77
4/6/2015,552
4/25/2015,557
4/26/2015,137
4/25/2015,1063
4/26/2015,220
4/8/2015,132
4/25/2015,319
4/6/2015,44
4/7/2015,104
4/25/2015,376
4/26/2015,211
4/6/2015,359
4/26/2015,1133
4/8/2015,270
4/8/2015,346
4/25/2015,1250
4/26/2015,1186
4/6/2015,1315
4/7/2015,263
4/6/2015,1167
4/8/2015,15
4/27/2015,1340
4/8/2015,661
4/7/2015,50
4/6/2015,657
4/26/2015,301
4/8/2015,659
4/6/2015,27
4/26/2015,987
4/8/2015,426
4/26/2015,704
4/6/2015,184
4/25/2015,259
4/26/2015,347
4/25/2015,1623
4/26/2015,263
4/8/2015,1732
4/25/2015,33
4/6/2015,66
4/7/2015,38
4/25/2015,306
4/26/2015,53
4/6/2015,737
4/26/2015,93
4/8/2015,151
4/8/2015,29
4/8/2015,181
4/6/2015,835
4/26/2015,240
4/6/2015,219
4/19/2015,313
4/26/2015,1222
4/24/2015,405
4/8/2015,30
4/26/2015,1185
4/6/2015,331
4/26/2015,2674
4/6/2015,161
4/25/2015,181
4/6/2015,155
4/26/2015,756
4/8/2015,42
4/6/2015,610
4/26/2015,894
4/26/2015,48
4/11/2015,81
4/26/2015,9
4/5/2015,51
4/6/2015,32
4/8/2015,809
4/6/2015,114
4/6/2015,129
4/6/2015,905
4/27/2015,267
4/26/2015,91
4/6/2015,189
4/6/2015,203
4/7/2015,711
4/27/2015,84
4/6/2015,1004
5/3/2015,137
4/26/2015,91
4/6/2015,20
4/26/2015,555
4/6/2015,75
4/6/2015,52
4/25/2015,214
4/6/2015,48
4/6/2015,1073
4/7/2015,137
4/25/2015,33
4/26/2015,1480
4/6/2015,1414
4/26/2015,283
4/8/2015,77
4/8/2015,588
4/25/2015,183
4/26/2015,112
4/6/2015,34
4/7/2015,113
4/6/2015,904
4/8/2015,41
4/27/2015,83
4/8/2015,314
4/7/2015,176
4/6/2015,188
4/26/2015,152
4/8/2015,949
4/6/2015,1112
4/26/2015,66
4/8/2015,12
4/26/2015,87
4/6/2015,3
4/25/2015,556
4/26/2015,43
4/25/2015,733
4/26/2015,69
4/8/2015,0
4/25/2015,436
4/6/2015,202
4/7/2015,214
4/25/2015,168
4/26/2015,87
4/6/2015,1054
4/26/2015,2265
4/8/2015,133
4/8/2015,263
4/8/2015,773
4/6/2015,240
4/26/2015,17
4/6/2015,864
4/19/2015,256
4/26/2015,231
4/24/2015,63
4/8/2015,1222
4/26/2015,47
4/6/2015,26
4/26/2015,8
4/6/2015,883
4/25/2015,58
4/6/2015,8
4/26/2015,144
4/8/2015,3
4/6/2015,1019
4/26/2015,154
4/26/2015,413
4/11/2015,120
4/26/2015,157
4/5/2015,954
4/6/2015,826
4/8/2015,195
4/6/2015,166
4/6/2015,28
4/6/2015,190
4/27/2015,177
4/26/2015,533
4/6/2015,912
4/6/2015,282
4/7/2015,202
4/27/2015,53
4/6/2015,661
5/3/2015,384
4/26/2015,827
4/6/2015,1164
4/26/2015,234
4/6/2015,0
4/6/2015,106
4/25/2015,572
4/6/2015,22
4/6/2015,71
4/7/2015,91
4/26/2015,545
4/6/2015,72
4/6/2015,330
4/19/2015,326
4/6/2015,19
4/6/2015,76
4/11/2015,159
4/24/2015,1791
4/6/2015,85
4/25/2015,11
4/8/2015,321
4/25/2015,35
4/6/2015,494
4/8/2015,35
4/6/2015,24
4/26/2015,352
4/6/2015,19
4/6/2015,217
3/28/2015,1025
4/6/2015,797
4/6/2015,1425
4/26/2015,465
4/23/2015,72
4/8/2015,650
4/18/2015,447
4/26/2015,36
4/26/2015,164
4/8/2015,52
4/26/2015,10
4/8/2015,174
4/7/2015,56
4/6/2015,345
4/26/2015,25
4/25/2015,777
4/7/2015,40
4/5/2015,29
4/8/2015,56
4/26/2015,131
4/6/2015,679
4/26/2015,36
4/3/2015,13
4/26/2015,121
4/6/2015,307
4/6/2015,101
4/27/2015,104
4/26/2015,63
4/6/2015,37
4/6/2015,41
4/7/2015,62
4/27/2015,34
4/6/2015,34
5/3/2015,156
4/26/2015,200
4/6/2015,785
4/26/2015,175
4/6/2015,857
4/6/2015,471
4/25/2015,1613
4/6/2015,144
4/6/2015,102
4/7/2015,98
4/26/2015,467
4/6/2015,583
4/6/2015,139
4/19/2015,93
4/6/2015,342
4/6/2015,81
4/11/2015,121
4/24/2015,116
4/6/2015,69
4/25/2015,275
4/8/2015,233
4/25/2015,201
4/6/2015,1224
4/8/2015,111
4/6/2015,23
4/26/2015,591
4/6/2015,529
4/6/2015,876
3/28/2015,282
4/6/2015,896
4/6/2015,1902
4/26/2015,22
4/23/2015,289
4/8/2015,123
4/18/2015,455
4/26/2015,604
4/26/2015,63
4/8/2015,8
4/26/2015,531
4/8/2015,97
4/7/2015,84
4/6/2015,1470
4/26/2015,127
4/25/2015,646
4/7/2015,288
4/5/2015,343
4/8/2015,64
4/26/2015,713
4/6/2015,230
4/26/2015,116
4/3/2015,54
4/26/2015,362
4/21/2015,126
4/26/2015,23
4/7/2015,141
4/26/2015,320
4/26/2015,309
4/25/2015,1
4/21/2015,208
4/8/2015,257
4/25/2015,437
5/2/2015,1233
4/4/2015,73
4/26/2015,389
4/25/2015,41
4/26/2015,403
4/6/2015,430
4/19/2015,1329
4/26/2015,36
4/6/2015,13
4/8/2015,157
4/26/2015,186
4/25/2015,683
4/6/2015,209
5/3/2015,219
4/6/2015,45
4/22/2015,85
4/26/2015,295
4/6/2015,84
4/26/2015,15
4/8/2015,79
4/7/2015,187
4/6/2015,37
4/25/2015,152
4/6/2015,37
4/8/2015,186
4/19/2015,58
4/6/2015,314
4/6/2015,325
4/6/2015,403
4/24/2015,168
4/8/2015,171
4/8/2015,214
4/27/2015,300
4/26/2015,91
4/26/2015,57
4/7/2015,825
4/14/2015,132
4/26/2015,79
4/8/2015,55
4/8/2015,136
4/8/2015,126
4/6/2015,260
4/19/2015,10
4/6/2015,201
4/6/2015,6
4/8/2015,171
4/26/2015,111
4/19/2015,46
4/11/2015,98
4/6/2015,65
4/6/2015,78
5/2/2015,17
4/6/2015,129
4/7/2015,278
4/8/2015,4114
4/26/2015,20
4/19/2015,414
4/26/2015,421
4/6/2015,453
4/26/2015,680
4/6/2015,134
3/22/2015,190
4/7/2015,49
4/25/2015,23
4/6/2015,204
4/26/2015,32
4/26/2015,285
4/26/2015,173
4/5/2015,210
4/19/2015,57
4/8/2015,79
4/6/2015,167
4/26/2015,41
4/8/2015,110
4/8/2015,38
4/7/2015,220
4/25/2015,6
4/19/2015,474
4/8/2015,153
4/26/2015,854
5/1/2015,304
4/27/2015,136
4/26/2015,317
4/6/2015,798
4/6/2015,535
4/7/2015,529
4/29/2015,70
4/6/2015,188
4/8/2015,98
4/2/2015,46
4/6/2015,60
3/30/2015,596
4/26/2015,811
4/26/2015,371
4/27/2015,177
4/6/2015,218
4/6/2015,39
4/8/2015,103
4/8/2015,82
4/6/2015,387
4/24/2015,1135
4/25/2015,9
4/26/2015,372
4/6/2015,178
4/7/2015,218
4/6/2015,62
4/8/2015,42
4/27/2015,763
4/8/2015,154
4/7/2015,480
4/6/2015,160
4/26/2015,255
4/8/2015,252
4/6/2015,782
4/26/2015,327
4/8/2015,139
4/26/2015,102
4/6/2015,278
4/25/2015,562
4/26/2015,146
4/25/2015,276
4/26/2015,1109
4/8/2015,178
4/25/2015,261
4/6/2015,47
4/7/2015,27
4/25/2015,23
4/26/2015,555
4/6/2015,155
4/26/2015,29
4/8/2015,387
4/8/2015,108
4/25/2015,99
4/26/2015,175
4/6/2015,61
4/7/2015,214
4/6/2015,771
4/8/2015,69
4/27/2015,501
4/8/2015,695
4/7/2015,165
4/6/2015,48
4/26/2015,42
4/8/2015,257
4/6/2015,9
4/26/2015,155
4/8/2015,223
4/26/2015,531
4/6/2015,79
4/25/2015,7
4/26/2015,106
4/25/2015,170
4/26/2015,79
4/8/2015,171
4/25/2015,190
4/6/2015,466
4/7/2015,91
4/25/2015,22
4/26/2015,1169
4/6/2015,51
4/26/2015,74
4/8/2015,1
4/8/2015,130
4/8/2015,513
4/6/2015,58
4/26/2015,85
4/6/2015,19
4/19/2015,580
4/26/2015,290
4/24/2015,114
4/8/2015,259
4/26/2015,0
4/6/2015,79
4/26/2015,813
4/6/2015,264
4/25/2015,39
4/6/2015,19
4/26/2015,94
4/8/2015,84
4/6/2015,0
4/26/2015,219
4/26/2015,27
4/11/2015,300
4/26/2015,21
4/5/2015,100
4/6/2015,543
4/8/2015,101
4/6/2015,67
4/6/2015,168
4/6/2015,608
4/27/2015,103
4/26/2015,19
4/6/2015,98
4/6/2015,22
4/7/2015,6
4/27/2015,290
4/6/2015,99
5/3/2015,9
4/26/2015,283
4/6/2015,101
4/26/2015,243
4/6/2015,399
4/6/2015,101
4/25/2015,154
4/6/2015,9
4/6/2015,378
4/7/2015,462
4/25/2015,216
4/26/2015,418
4/6/2015,59
4/26/2015,215
4/8/2015,709
4/8/2015,14
4/25/2015,354
4/26/2015,1
4/6/2015,120
4/7/2015,90
4/6/2015,16
4/8/2015,237
4/27/2015,76
4/8/2015,156
4/7/2015,945
4/6/2015,115
4/26/2015,1253
4/8/2015,95
4/6/2015,264
4/26/2015,207
4/8/2015,869
4/26/2015,255
4/6/2015,35
4/25/2015,59
4/26/2015,444
4/25/2015,744
4/26/2015,60
4/8/2015,233
4/25/2015,7
4/6/2015,25
4/7/2015,195
4/25/2015,33
4/26/2015,201
4/6/2015,70
4/26/2015,3
4/8/2015,55
4/8/2015,141
4/8/2015,475
4/6/2015,369
4/26/2015,202
4/6/2015,87
4/19/2015,279
4/26/2015,167
4/24/2015,80
4/8/2015,214
4/26/2015,123
4/6/2015,186
4/26/2015,17
4/6/2015,132
4/25/2015,72
4/6/2015,49
4/26/2015,25
4/8/2015,471
4/6/2015,1010
4/26/2015,184
4/26/2015,70
4/11/2015,232
4/26/2015,343
4/5/2015,191
4/6/2015,60
4/8/2015,1
4/6/2015,89
4/6/2015,454
4/6/2015,588
4/27/2015,231
4/26/2015,175
4/6/2015,57
4/6/2015,25
4/7/2015,242
4/27/2015,0
4/6/2015,309
5/3/2015,425
4/26/2015,386
4/6/2015,81
4/26/2015,31
4/6/2015,377
4/6/2015,340
4/25/2015,118
4/6/2015,56
4/6/2015,312
4/7/2015,165
4/26/2015,14
4/6/2015,723
4/6/2015,106
4/19/2015,95
4/6/2015,186
4/6/2015,231
4/11/2015,67
4/24/2015,86
4/6/2015,371
4/25/2015,91
4/8/2015,264
4/25/2015,177
4/6/2015,123
4/8/2015,21
4/6/2015,338
4/26/2015,35
4/6/2015,238
4/6/2015,222
3/28/2015,389
4/6/2015,80
4/6/2015,57
4/26/2015,454
4/23/2015,76
4/8/2015,222
4/18/2015,290
4/26/2015,377
4/26/2015,68
4/8/2015,248
4/26/2015,75
4/8/2015,105
4/7/2015,93
4/6/2015,86
4/26/2015,308
4/25/2015,263
4/7/2015,356
4/5/2015,81
4/8/2015,143
4/26/2015,50
4/6/2015,137
4/26/2015,53
4/3/2015,1565
4/26/2015,645
4/6/2015,67
4/6/2015,67
4/27/2015,21
4/26/2015,106
4/6/2015,18
4/6/2015,1113
4/7/2015,543
4/27/2015,100
4/6/2015,5
5/3/2015,31
4/26/2015,256
4/6/2015,29
4/26/2015,183
4/6/2015,48
4/6/2015,203
4/25/2015,436
4/6/2015,132
4/6/2015,125
4/7/2015,110
4/26/2015,283
4/6/2015,97
4/6/2015,291
4/19/2015,505
4/6/2015,16
4/6/2015,746
4/11/2015,39
4/24/2015,58
4/6/2015,267
4/25/2015,973
4/8/2015,583
4/25/2015,270
4/6/2015,174
4/8/2015,80
4/6/2015,110
4/26/2015,247
4/6/2015,334
4/6/2015,49
3/28/2015,601
4/6/2015,74
4/6/2015,177
4/26/2015,16
4/23/2015,782
4/8/2015,63
4/18/2015,184
4/26/2015,250
4/26/2015,643
4/8/2015,105
4/26/2015,10
4/8/2015,293
4/7/2015,19
4/6/2015,36
4/26/2015,107
4/25/2015,30
4/7/2015,42
4/5/2015,47
4/8/2015,54
4/26/2015,197
4/6/2015,53
4/26/2015,111
4/3/2015,131
4/26/2015,115
4/21/2015,7
4/26/2015,567
4/7/2015,152
4/26/2015,190
4/26/2015,75
4/25/2015,16
4/21/2015,28
4/8/2015,0
4/25/2015,121
5/2/2015,187
4/4/2015,41
4/26/2015,198
4/25/2015,133
4/26/2015,304
4/6/2015,78
4/19/2015,403
4/26/2015,100
4/6/2015,90
4/8/2015,42
4/26/2015,135
4/25/2015,83
4/6/2015,30
5/3/2015,0
4/6/2015,207
4/22/2015,10
4/26/2015,208
4/6/2015,180
4/26/2015,129
4/8/2015,346
4/7/2015,451
4/6/2015,20
4/25/2015,94
4/6/2015,119
4/8/2015,205
4/19/2015,57
4/6/2015,60
4/6/2015,413
4/6/2015,141
4/24/2015,4
4/8/2015,58
4/8/2015,228
4/27/2015,364
4/26/2015,65
4/26/2015,81
4/7/2015,17
4/14/2015,145
4/26/2015,36
4/8/2015,87
4/8/2015,114
4/8/2015,2
4/6/2015,52
4/19/2015,120
4/6/2015,223
4/6/2015,50
4/8/2015,31
4/26/2015,117
4/19/2015,285
4/11/2015,224
4/6/2015,74
4/25/2015,350
4/26/2015,172
4/6/2015,67
4/7/2015,284
4/6/2015,201
4/8/2015,20
4/27/2015,37
4/8/2015,250
4/7/2015,78
4/6/2015,294
4/26/2015,9
4/8/2015,63
4/6/2015,61
4/26/2015,342
4/8/2015,379
4/26/2015,53
4/6/2015,113
4/25/2015,172
4/26/2015,55
4/25/2015,324
4/26/2015,85
4/8/2015,53
4/25/2015,123
4/6/2015,58
4/7/2015,48
4/25/2015,234
4/26/2015,247
4/6/2015,128
4/26/2015,86
4/8/2015,93
4/8/2015,105
4/25/2015,114
4/26/2015,188
4/6/2015,74
4/7/2015,148
4/6/2015,32
4/8/2015,180
4/27/2015,182
4/8/2015,259
4/7/2015,108
4/6/2015,64
4/26/2015,331
4/8/2015,391
4/6/2015,76
4/26/2015,7
4/8/2015,23
4/26/2015,295
4/6/2015,295
4/25/2015,132
4/26/2015,40
4/25/2015,31
4/26/2015,51
4/8/2015,179
4/25/2015,127
4/6/2015,196
4/7/2015,41
4/25/2015,635
4/26/2015,86
4/6/2015,360
4/26/2015,195
4/8/2015,34
4/8/2015,175
4/8/2015,22
4/6/2015,2
4/26/2015,179
4/6/2015,389
4/19/2015,80
4/26/2015,47
4/24/2015,413
4/8/2015,37
4/26/2015,586
4/6/2015,191
4/26/2015,465
4/6/2015,23
4/25/2015,270
4/6/2015,26
4/26/2015,21
4/8/2015,195
4/6/2015,36
4/26/2015,156
4/26/2015,58
4/11/2015,28
4/26/2015,169
4/5/2015,134
4/6/2015,11
4/8/2015,133
4/6/2015,479
4/6/2015,689
4/6/2015,9
4/27/2015,127
4/26/2015,76
4/6/2015,43
4/6/2015,145
4/7/2015,5
4/27/2015,73
4/6/2015,115
5/3/2015,160
4/26/2015,352
4/6/2015,160
4/26/2015,205
4/6/2015,353
4/6/2015,121
4/25/2015,138
4/6/2015,71
4/6/2015,55
4/7/2015,1
4/25/2015,33
4/26/2015,76
4/6/2015,33
4/26/2015,146
4/8/2015,80
4/8/2015,72
4/25/2015,179
4/26/2015,304
4/6/2015,74
4/7/2015,77
4/6/2015,69
4/8/2015,222
4/27/2015,170
4/8/2015,80
4/7/2015,29
4/6/2015,282
4/26/2015,198
4/8/2015,81
4/6/2015,82
4/26/2015,112
4/8/2015,149
4/26/2015,291
4/6/2015,263
4/25/2015,52
4/26/2015,40
4/25/2015,45
4/26/2015,152
4/8/2015,125
4/25/2015,27
4/6/2015,27
4/7/2015,180
4/25/2015,271
4/26/2015,13
4/6/2015,163
4/26/2015,35
4/8/2015,266
4/8/2015,23
4/8/2015,89
4/6/2015,68
4/26/2015,104
4/6/2015,0
4/19/2015,500
4/26/2015,27
4/24/2015,193
4/8/2015,55
4/26/2015,340
4/6/2015,52
4/26/2015,215
4/6/2015,189
4/25/2015,83
4/6/2015,347
4/26/2015,117
4/8/2015,644
4/6/2015,383
4/26/2015,123
4/26/2015,35
4/11/2015,61
4/26/2015,221
4/5/2015,85
4/6/2015,0
4/8/2015,14
4/6/2015,348
4/6/2015,13
4/6/2015,101
4/27/2015,29
4/26/2015,371
4/6/2015,88
4/6/2015,151
4/7/2015,41
4/27/2015,247
4/6/2015,297
5/3/2015,376
4/26/2015,104
4/6/2015,74
4/26/2015,118
4/6/2015,75
4/6/2015,229
4/25/2015,93
4/6/2015,581
4/6/2015,120
4/7/2015,145
4/26/2015,114
4/6/2015,138
4/6/2015,68
4/19/2015,77
4/6/2015,88
4/6/2015,410
4/11/2015,277
4/24/2015,140
4/6/2015,127
4/25/2015,105
4/8/2015,124
4/25/2015,120
4/6/2015,101
4/8/2015,11
4/6/2015,193
4/26/2015,25
4/6/2015,121
4/6/2015,25
3/28/2015,220
4/6/2015,8
4/6/2015,271
4/26/2015,177
4/23/2015,184
4/8/2015,205
4/18/2015,190
4/26/2015,498
4/26/2015,104
4/8/2015,16
4/26/2015,208
4/8/2015,305
4/7/2015,53
4/6/2015,132
4/26/2015,145
4/25/2015,172
4/7/2015,282
4/5/2015,45
4/8/2015,250
4/26/2015,67
4/6/2015,31
4/26/2015,85
4/3/2015,91
4/26/2015,130
4/6/2015,31
4/6/2015,117
4/27/2015,276
4/26/2015,147
4/6/2015,122
4/6/2015,300
4/7/2015,112
4/27/2015,91
4/6/2015,103
5/3/2015,4
4/26/2015,73
4/6/2015,66
4/26/2015,202
4/6/2015,9
4/6/2015,219
4/25/2015,318
4/6/2015,0
4/6/2015,65
4/7/2015,76
4/26/2015,719
4/6/2015,106
4/6/2015,236
4/19/2015,759
4/6/2015,45
4/6/2015,49
4/11/2015,48
4/24/2015,183
4/6/2015,110
4/25/2015,19
4/8/2015,448
4/25/2015,76
4/6/2015,116
4/8/2015,15
4/6/2015,89
4/26/2015,1
4/6/2015,34
4/6/2015,45
3/28/2015,69
4/6/2015,157
4/6/2015,138
4/26/2015,23
4/23/2015,48
4/8/2015,92
4/18/2015,37
4/26/2015,81
4/26/2015,108
4/8/2015,36
4/26/2015,140
4/8/2015,278
4/7/2015,83
4/6/2015,73
4/26/2015,14
4/25/2015,138
4/7/2015,270
4/5/2015,318
4/8/2015,92
4/26/2015,37
4/6/2015,18
4/26/2015,59
4/3/2015,268
4/26/2015,234
4/21/2015,103
4/26/2015,32
4/7/2015,766
4/26/2015,107
4/26/2015,325
4/25/2015,67
4/21/2015,26
4/8/2015,143
4/25/2015,127
5/2/2015,16
4/4/2015,225
4/26/2015,189
4/25/2015,548
4/26/2015,98
4/6/2015,294
4/19/2015,148
4/26/2015,57
4/6/2015,10
4/8/2015,140
4/26/2015,75
4/25/2015,27
4/6/2015,59
5/3/2015,188
4/6/2015,37
4/22/2015,272
4/26/2015,148
4/6/2015,37
4/26/2015,279
4/8/2015,13
4/7/2015,95
4/6/2015,77
4/25/2015,216
4/6/2015,129
4/8/2015,204
4/19/2015,225
4/6/2015,41
4/6/2015,47
4/6/2015,198
4/24/2015,117
4/8/2015,179
4/8/2015,256
4/27/2015,139
4/26/2015,136
4/26/2015,132
4/7/2015,29
4/14/2015,67
4/26/2015,24
4/8/2015,38
4/8/2015,143
4/8/2015,54
4/6/2015,232
4/19/2015,94
4/6/2015,65
4/6/2015,132
4/8/2015,13
4/26/2015,209
4/19/2015,176
4/11/2015,214
4/6/2015,109
4/6/2015,280
5/2/2015,86
4/6/2015,123
4/7/2015,110
4/8/2015,28
4/26/2015,78
4/19/2015,36
4/26/2015,86
4/6/2015,147
4/26/2015,416
4/6/2015,797
3/22/2015,212
4/7/2015,55
4/25/2015,56
4/6/2015,43
4/26/2015,384
4/26/2015,253
4/26/2015,230
4/5/2015,68
4/19/2015,14
4/8/2015,252
4/6/2015,156
4/26/2015,177
4/8/2015,89
4/8/2015,67
4/7/2015,109
4/25/2015,3
4/19/2015,87
4/8/2015,73
4/26/2015,121
5/1/2015,164
4/27/2015,37
4/26/2015,82
4/6/2015,207
4/6/2015,35
4/7/2015,67
4/29/2015,14
4/6/2015,33
4/8/2015,990
4/2/2015,76
4/6/2015,38
3/30/2015,272
4/26/2015,339
4/26/2015,77
4/27/2015,107
4/6/2015,89
4/6/2015,69
4/8/2015,124
4/8/2015,112
4/6/2015,56
4/24/2015,34
4/25/2015,212
4/6/2015,81
4/6/2015,58
4/25/2015,64
4/6/2015,146
4/6/2015,63
4/6/2015,482
4/8/2015,91
4/8/2015,69
4/6/2015,38
4/8/2015,152
4/6/2015,70
4/6/2015,69
4/6/2015,283
4/8/2015,168
4/26/2015,125
4/26/2015,183
4/6/2015,7
4/7/2015,46
4/5/2015,53
4/26/2015,109
4/25/2015,45
4/26/2015,51
4/8/2015,73
4/25/2015,403
4/6/2015,40
4/7/2015,48
4/25/2015,219
4/26/2015,104
4/6/2015,96
4/26/2015,235
4/8/2015,620
4/8/2015,218
4/25/2015,15
4/26/2015,30
4/6/2015,7
4/7/2015,65
4/6/2015,55
4/8/2015,1
4/27/2015,285
4/8/2015,80
4/7/2015,104
4/6/2015,41
4/26/2015,81
4/8/2015,11
4/6/2015,46
4/26/2015,119
4/8/2015,204
4/26/2015,34
4/6/2015,91
4/25/2015,122
4/26/2015,123
4/25/2015,30
4/26/2015,48
4/8/2015,52
4/25/2015,27
4/6/2015,58
4/7/2015,86
4/25/2015,124
4/26/2015,132
4/6/2015,20
4/26/2015,337
4/8/2015,90
4/8/2015,276
4/8/2015,69
4/6/2015,65
4/26/2015,229
4/6/2015,244
4/19/2015,114
4/26/2015,151
4/24/2015,19
4/8/2015,405
4/26/2015,137
4/6/2015,10
4/26/2015,70
4/6/2015,124
4/25/2015,88
4/6/2015,118
4/26/2015,26
4/8/2015,7
4/6/2015,20
4/26/2015,81
4/26/2015,311
4/11/2015,170
4/26/2015,48
4/5/2015,46
4/6/2015,27
4/8/2015,54
4/6/2015,149
4/6/2015,25
4/6/2015,32
4/27/2015,125
4/26/2015,41
4/6/2015,69
4/6/2015,49
4/7/2015,264
4/27/2015,22
4/6/2015,28
5/3/2015,26
4/26/2015,44
4/6/2015,24
4/26/2015,75
4/6/2015,27
4/6/2015,9
4/25/2015,120
4/6/2015,35
4/6/2015,69
4/7/2015,160
4/25/2015,65
4/26/2015,131
4/6/2015,80
4/26/2015,179
4/8/2015,148
4/8/2015,23
4/25/2015,108
4/26/2015,5
4/6/2015,414
4/7/2015,41
4/6/2015,119
4/8/2015,104
4/27/2015,37
4/8/2015,28
4/7/2015,104
4/6/2015,158
4/26/2015,58
4/8/2015,23
4/6/2015,87
4/26/2015,60
4/8/2015,184
4/26/2015,16
4/6/2015,90
4/25/2015,245
4/26/2015,25
4/25/2015,83
4/26/2015,73
4/8/2015,97
4/25/2015,37
4/6/2015,142
4/7/2015,15
4/25/2015,208
4/26/2015,89
4/6/2015,180
4/26/2015,74
4/8/2015,52
4/8/2015,21
4/8/2015,73
4/6/2015,77
4/26/2015,58
4/6/2015,56
4/19/2015,285
4/26/2015,20
4/24/2015,44
4/8/2015,87
4/26/2015,161
4/6/2015,209
4/26/2015,43
4/6/2015,101
4/25/2015,304
4/6/2015,191
4/26/2015,52
4/8/2015,390
4/6/2015,68
4/26/2015,235
4/26/2015,8
4/11/2015,25
4/26/2015,280
4/5/2015,86
4/6/2015,118
4/8/2015,47
4/6/2015,40
4/6/2015,51
4/6/2015,205
4/27/2015,35
4/26/2015,221
4/6/2015,236
4/6/2015,47
4/7/2015,99
4/27/2015,25
4/6/2015,111
5/3/2015,64
4/26/2015,85
4/6/2015,52
4/26/2015,11
4/6/2015,38
4/6/2015,55
4/25/2015,240
4/6/2015,123
4/6/2015,27
4/7/2015,36
4/26/2015,44
4/6/2015,177
4/6/2015,92
4/19/2015,2
4/6/2015,217
4/6/2015,88
4/11/2015,201
4/24/2015,69
4/6/2015,185
4/25/2015,60
4/8/2015,48
4/25/2015,344
4/6/2015,31
4/8/2015,243
4/6/2015,111
4/26/2015,166
4/6/2015,176
4/6/2015,288
3/28/2015,11
4/6/2015,39
4/6/2015,67
4/26/2015,12
4/23/2015,661
4/8/2015,95
4/18/2015,150
4/26/2015,6
4/26/2015,51
4/8/2015,18
4/26/2015,94
4/8/2015,13
4/7/2015,22
4/6/2015,29
4/26/2015,32
4/25/2015,129
4/7/2015,224
4/5/2015,73
4/8/2015,154
4/26/2015,59
4/6/2015,70
4/26/2015,541
4/3/2015,47
4/26/2015,8
4/6/2015,9
4/6/2015,103
4/27/2015,99
4/26/2015,50
4/6/2015,100
4/6/2015,112
4/7/2015,64
4/27/2015,63
4/6/2015,62
5/3/2015,52
4/26/2015,181
4/6/2015,46
4/26/2015,72
4/6/2015,385
4/6/2015,49
4/25/2015,177
4/6/2015,6
4/6/2015,33
4/7/2015,13
4/26/2015,66
4/6/2015,85
4/6/2015,31
4/19/2015,297
4/6/2015,76
4/6/2015,183
4/11/2015,31
4/24/2015,11
4/6/2015,51
4/25/2015,40
4/8/2015,38
4/25/2015,45
4/6/2015,74
4/8/2015,49
4/6/2015,32
4/26/2015,36
4/6/2015,40
4/6/2015,23
3/28/2015,162
4/6/2015,11
4/6/2015,13
4/26/2015,15
4/23/2015,10
4/8/2015,174
4/18/2015,63
4/26/2015,327
4/26/2015,32
4/8/2015,8
4/26/2015,67
4/8/2015,87
4/7/2015,84
4/6/2015,149
4/26/2015,22
4/25/2015,119
4/7/2015,744
4/5/2015,18
4/8/2015,48
4/26/2015,58
4/6/2015,244
4/26/2015,37
4/3/2015,54
4/26/2015,157
4/21/2015,105
4/26/2015,22
4/7/2015,45
4/26/2015,118
4/26/2015,104
4/25/2015,31
4/21/2015,72
4/8/2015,44
4/25/2015,9
5/2/2015,73
4/4/2015,35
4/26/2015,29
4/25/2015,3
4/26/2015,68
4/6/2015,292
4/19/2015,41
4/26/2015,13
4/6/2015,24
4/8/2015,33
4/26/2015,50
4/25/2015,19
4/6/2015,84
5/3/2015,112
4/6/2015,338
4/22/2015,20
4/26/2015,141
4/6/2015,83
4/26/2015,97
4/8/2015,33
4/7/2015,52
4/6/2015,30
4/25/2015,6
4/6/2015,49
4/8/2015,876
4/19/2015,85
4/6/2015,63
4/6/2015,32
4/6/2015,323
4/24/2015,173
4/8/2015,8
4/8/2015,43
4/27/2015,33
4/26/2015,139
4/26/2015,26
4/7/2015,259
4/14/2015,111
4/26/2015,234
4/8/2015,43
4/8/2015,68
4/8/2015,119
4/6/2015,30
4/19/2015,120
4/6/2015,67
4/6/2015,102
4/8/2015,134
4/26/2015,313
4/19/2015,50
4/11/2015,9
4/6/2015,19
4/25/2015,37
4/26/2015,47
4/6/2015,23
4/7/2015,89
4/6/2015,247
4/8/2015,54
4/27/2015,12
4/8/2015,53
4/7/2015,72
4/6/2015,20
4/26/2015,140
4/8/2015,49
4/6/2015,24
4/26/2015,220
4/8/2015,18
4/26/2015,68
4/6/2015,210
4/25/2015,50
4/26/2015,151
4/25/2015,68
4/26/2015,38
4/8/2015,3
4/25/2015,27
4/6/2015,41
4/7/2015,29
4/25/2015,196
4/26/2015,67
4/6/2015,48
4/26/2015,37
4/8/2015,7
4/8/2015,182
4/25/2015,39
4/26/2015,88
4/6/2015,42
4/7/2015,10
4/6/2015,23
4/8/2015,48
4/27/2015,267
4/8/2015,4
4/7/2015,20
4/6/2015,21
4/26/2015,32
4/8/2015,19
4/6/2015,89
4/26/2015,99
4/8/2015,34
4/26/2015,9
4/6/2015,89
4/25/2015,114
4/26/2015,23
4/25/2015,24
4/26/2015,87
4/8/2015,65
4/25/2015,48
4/6/2015,75
4/7/2015,44
4/25/2015,23
4/26/2015,68
4/6/2015,49
4/26/2015,92
4/8/2015,46
4/8/2015,177
4/8/2015,25
4/6/2015,7
4/26/2015,13
4/6/2015,0
4/19/2015,118
4/26/2015,111
4/24/2015,31
4/8/2015,131
4/26/2015,66
4/6/2015,358
4/26/2015,2
4/6/2015,34
4/25/2015,119
4/6/2015,77
4/26/2015,31
4/8/2015,33
4/6/2015,5
4/26/2015,357
4/26/2015,4
4/11/2015,139
4/26/2015,3
4/5/2015,18
4/6/2015,97
4/8/2015,56
4/6/2015,287
4/6/2015,47
4/6/2015,25
4/27/2015,19
4/26/2015,55
4/6/2015,25
4/6/2015,21
4/7/2015,11
4/27/2015,24
4/6/2015,158
5/3/2015,127
4/26/2015,4
4/6/2015,129
4/26/2015,139
4/6/2015,314
4/6/2015,61
4/25/2015,32
4/6/2015,125
4/6/2015,80
4/7/2015,116
4/25/2015,35
4/26/2015,64
4/6/2015,135
4/26/2015,33
4/8/2015,18
4/8/2015,91
4/25/2015,41
4/26/2015,30
4/6/2015,25
4/7/2015,41
4/6/2015,29
4/8/2015,162
4/27/2015,312
4/8/2015,0
4/7/2015,199
4/6/2015,65
4/26/2015,48
4/8/2015,65
4/6/2015,101
4/26/2015,38
4/8/2015,47
4/26/2015,6
4/6/2015,26
4/25/2015,6
4/26/2015,82
4/25/2015,61
4/26/2015,22
4/8/2015,33
4/25/2015,95
4/6/2015,88
4/7/2015,121
4/25/2015,2
4/26/2015,16
4/6/2015,29
4/26/2015,19
4/8/2015,7
4/8/2015,45
4/8/2015,70
4/6/2015,21
4/26/2015,17
4/6/2015,38
4/19/2015,29
4/26/2015,21
4/24/2015,43
4/8/2015,42
4/26/2015,17
4/6/2015,10
4/26/2015,14
4/6/2015,108
4/25/2015,140
4/6/2015,255
4/26/2015,69
4/8/2015,13
4/6/2015,70
4/26/2015,27
4/26/2015,72
4/11/2015,62
4/26/2015,19
4/5/2015,23
4/6/2015,61
4/8/2015,134
4/6/2015,226
4/6/2015,46
4/6/2015,79
4/27/2015,51
4/26/2015,65
4/6/2015,64
4/6/2015,19
4/7/2015,64
4/27/2015,28
4/6/2015,38
5/3/2015,43
4/26/2015,18
4/6/2015,118
4/26/2015,28
4/6/2015,61
4/6/2015,62
4/25/2015,70
4/6/2015,24
4/6/2015,56
4/7/2015,16
4/26/2015,35
4/6/2015,131
4/6/2015,70
4/19/2015,259
4/6/2015,11
4/6/2015,51
4/11/2015,13
4/24/2015,31
4/6/2015,8
4/25/2015,102
4/8/2015,60
4/25/2015,87
4/6/2015,83
4/8/2015,6
4/6/2015,206
4/26/2015,31
4/6/2015,0
4/6/2015,14
3/28/2015,30
4/6/2015,86
4/6/2015,46
4/26/2015,20
4/23/2015,116
4/8/2015,31
4/18/2015,38
4/26/2015,47
4/26/2015,80
4/8/2015,29
4/26/2015,28
4/8/2015,25
4/7/2015,129
4/6/2015,135
4/26/2015,173
4/25/2015,82
4/7/2015,140
4/5/2015,41
4/8/2015,19
4/26/2015,159
4/6/2015,103
4/26/2015,18
4/3/2015,38
4/26/2015,46
4/6/2015,78
4/6/2015,80
4/27/2015,50
4/26/2015,56
4/6/2015,16
4/6/2015,30
4/7/2015,16
4/27/2015,21
4/6/2015,33
5/3/2015,1
4/26/2015,33
4/6/2015,5
4/26/2015,26
4/6/2015,2
4/6/2015,12
4/25/2015,31
4/6/2015,189
4/6/2015,55
4/7/2015,90
4/26/2015,129
4/6/2015,9
4/6/2015,4
4/19/2015,33
4/6/2015,35
4/6/2015,28
4/11/2015,21
4/24/2015,15
4/6/2015,40
4/25/2015,21
4/8/2015,9
4/25/2015,69
4/6/2015,72
4/8/2015,26
4/6/2015,374
4/26/2015,0
4/6/2015,124
4/6/2015,44
3/28/2015,20
4/6/2015,84
4/6/2015,33
4/26/2015,43
4/23/2015,114
4/8/2015,55
4/18/2015,56
4/26/2015,30
4/26/2015,32
4/8/2015,145
4/26/2015,62
4/8/2015,65
4/7/2015,34
4/6/2015,24
4/26/2015,20
4/25/2015,90
4/7/2015,70
4/5/2015,32
4/8/2015,22
4/26/2015,42
4/6/2015,1
4/26/2015,0
4/3/2015,3
4/26/2015,170
4/21/2015,149
4/26/2015,67
4/7/2015,8
4/26/2015,185
4/26/2015,15
4/25/2015,37
4/21/2015,30
4/8/2015,10
4/25/2015,40
5/2/2015,58
4/4/2015,66
4/26/2015,5
4/25/2015,40
4/26/2015,23
4/6/2015,10
4/19/2015,78
4/26/2015,55
4/6/2015,41
4/8/2015,124
4/26/2015,223
4/25/2015,11
4/6/2015,63
5/3/2015,96
4/6/2015,121
4/22/2015,158
4/26/2015,46
4/6/2015,32
4/26/2015,21
4/8/2015,27
4/7/2015,56
4/6/2015,19
4/25/2015,22
4/6/2015,28
4/8/2015,26
4/19/2015,13
4/6/2015,20
4/6/2015,53
4/6/2015,152
4/24/2015,9
4/8/2015,21
4/8/2015,49
4/27/2015,26
4/26/2015,109
4/26/2015,22
4/7/2015,51
4/14/2015,24
4/26/2015,47
4/8/2015,66
4/8/2015,15
4/8/2015,32
4/6/2015,63
4/19/2015,36
4/6/2015,17
4/6/2015,63
4/8/2015,8
4/26/2015,51
4/19/2015,11
4/11/2015,133
4/6/2015,39
4/6/2015,142
5/2/2015,5
4/6/2015,50
4/7/2015,60
4/8/2015,130
4/26/2015,59
4/19/2015,75
4/26/2015,20
4/6/2015,54
4/26/2015,109
4/6/2015,76
3/22/2015,14
4/7/2015,34
4/25/2015,106
4/6/2015,12
4/26/2015,148
4/26/2015,70
4/26/2015,88
4/5/2015,36
4/19/2015,35
4/8/2015,60
4/6/2015,10
4/26/2015,37
4/8/2015,60
4/8/2015,53
4/7/2015,16
4/25/2015,34
4/19/2015,121
4/8/2015,125
4/26/2015,20
5/1/2015,61
4/27/2015,49
4/26/2015,53
4/6/2015,32
4/6/2015,19
4/7/2015,0
4/29/2015,38
4/6/2015,142
4/8/2015,64
4/2/2015,15
4/6/2015,18
3/30/2015,181
4/26/2015,33
4/26/2015,6
4/27/2015,83
4/6/2015,21
4/6/2015,23
4/8/2015,18
4/8/2015,32
4/6/2015,3
4/24/2015,38
4/25/2015,159
4/26/2015,16
4/6/2015,27
4/7/2015,128
4/6/2015,58
4/8/2015,83
4/27/2015,116
4/8/2015,185
4/7/2015,94
4/6/2015,71
4/26/2015,11
4/8/2015,44
4/6/2015,6
4/26/2015,67
4/8/2015,54
4/26/2015,35
4/6/2015,18
4/25/2015,66
4/26/2015,53
4/25/2015,6
4/26/2015,5
4/8/2015,28
4/25/2015,1
4/6/2015,116
4/7/2015,30
4/25/2015,14
4/26/2015,35
4/6/2015,13
4/26/2015,13
4/8/2015,41
4/8/2015,31
4/25/2015,58
4/26/2015,29
4/6/2015,131
4/7/2015,19
4/6/2015,2
4/8/2015,33
4/27/2015,36
4/8/2015,62
4/7/2015,27
4/6/2015,9
4/26/2015,20
4/8/2015,27
4/6/2015,18
4/26/2015,12
4/8/2015,13
4/26/2015,61
4/6/2015,20
4/25/2015,99
4/26/2015,6
4/25/2015,19
4/26/2015,18
4/8/2015,29
4/25/2015,33
4/6/2015,7
4/7/2015,8
4/25/2015,48
4/26/2015,48
4/6/2015,8
4/26/2015,14
4/8/2015,12
4/8/2015,21
4/8/2015,36
4/6/2015,61
4/26/2015,47
4/6/2015,6
4/19/2015,40
4/26/2015,8
4/24/2015,11
4/8/2015,14
4/26/2015,89
4/6/2015,18
4/26/2015,4
4/6/2015,20
4/25/2015,32
4/6/2015,84
4/26/2015,2
4/8/2015,35
4/6/2015,73
4/26/2015,9
4/26/2015,38
4/11/2015,60
4/26/2015,42
4/5/2015,16
4/6/2015,28
4/8/2015,59
4/6/2015,121
4/6/2015,103
4/6/2015,139
4/27/2015,57
4/26/2015,84
4/6/2015,69
4/6/2015,8
4/7/2015,42
4/27/2015,15
4/6/2015,103
5/3/2015,46
4/26/2015,15
4/6/2015,126
4/26/2015,46
4/6/2015,35
4/6/2015,53
4/25/2015,9
4/6/2015,39
4/6/2015,49
4/7/2015,0
4/25/2015,20
4/26/2015,17
4/6/2015,129
4/26/2015,6
4/8/2015,34
4/8/2015,34
4/25/2015,113
4/26/2015,59
4/6/2015,51
4/7/2015,11
4/6/2015,24
4/8/2015,9
4/27/2015,66
4/8/2015,1
4/7/2015,11
4/6/2015,29
4/26/2015,56
4/8/2015,31
4/6/2015,26
4/26/2015,38
4/8/2015,41
4/26/2015,18
4/6/2015,246
4/25/2015,1
4/26/2015,15
4/25/2015,30
4/26/2015,23
4/8/2015,105
4/25/2015,19
4/6/2015,59
4/7/2015,4
4/25/2015,3
4/26/2015,15
4/6/2015,18
4/26/2015,34
4/8/2015,25
4/8/2015,0
4/8/2015,69
4/6/2015,2
4/26/2015,11
4/6/2015,107
4/19/2015,0
4/26/2015,4
4/24/2015,3
4/8/2015,27
4/26/2015,7
4/6/2015,145
4/26/2015,57
4/6/2015,46
4/25/2015,52
4/6/2015,96
4/26/2015,42
4/8/2015,35
4/6/2015,13
4/26/2015,51
4/26/2015,34
4/11/2015,87
4/26/2015,36
4/5/2015,131
4/6/2015,20
4/8/2015,11
4/6/2015,25
4/6/2015,31
4/6/2015,36
4/27/2015,30
4/26/2015,138
4/6/2015,49
4/6/2015,16
4/7/2015,195
4/27/2015,103
4/6/2015,110
5/3/2015,66
4/26/2015,37
4/6/2015,36
4/26/2015,15
4/6/2015,24
4/6/2015,38
4/25/2015,36
4/6/2015,13
4/6/2015,58
4/7/2015,22
4/26/2015,72
4/6/2015,14
4/6/2015,32
4/19/2015,11
4/6/2015,29
4/6/2015,58
4/11/2015,14
4/24/2015,58
4/6/2015,4
4/25/2015,113
4/8/2015,17
4/25/2015,50
4/6/2015,24
4/8/2015,115
4/6/2015,23
4/26/2015,25
4/6/2015,73
4/6/2015,44
3/28/2015,7
4/6/2015,4
4/6/2015,10
4/26/2015,45
4/23/2015,73
4/8/2015,17
4/18/2015,6
4/26/2015,39
4/26/2015,34
4/8/2015,81
4/26/2015,107
4/8/2015,27
4/7/2015,6
4/6/2015,25
4/26/2015,296
4/25/2015,42
4/7/2015,19
4/5/2015,10
4/8/2015,44
4/26/2015,43
4/6/2015,37
4/26/2015,1
4/3/2015,6
4/26/2015,21
4/6/2015,14
4/6/2015,11
4/27/2015,110
4/26/2015,7
4/6/2015,81
4/6/2015,12
4/7/2015,5
4/27/2015,2
4/6/2015,8
5/3/2015,19
4/26/2015,22
4/6/2015,25
4/26/2015,6
4/6/2015,23
4/6/2015,38
4/25/2015,22
4/6/2015,10
4/6/2015,16
4/7/2015,46
4/26/2015,22
4/6/2015,16
4/6/2015,27
4/19/2015,95
4/6/2015,5
4/6/2015,22
4/11/2015,0
4/24/2015,31
4/6/2015,28
4/25/2015,28
4/8/2015,13
4/25/2015,4
4/6/2015,30
4/8/2015,30
4/6/2015,64
4/26/2015,36
4/6/2015,19
4/6/2015,33
3/28/2015,8
4/6/2015,23
4/6/2015,7
4/26/2015,21
4/23/2015,36
4/8/2015,104
4/18/2015,53
4/26/2015,8
4/26/2015,69
4/8/2015,19
4/26/2015,11
4/8/2015,1
4/7/2015,6
4/6/2015,17
4/26/2015,2
4/25/2015,233
4/7/2015,18
4/5/2015,26
4/8/2015,86
4/26/2015,11
4/6/2015,22
4/26/2015,11
4/3/2015,38
4/26/2015,41
4/21/2015,0
4/26/2015,4
4/7/2015,2
4/26/2015,40
4/26/2015,31
4/25/2015,84
4/21/2015,47
4/8/2015,4
4/25/2015,70
5/2/2015,54
4/4/2015,162
4/26/2015,13
4/25/2015,24
4/26/2015,13
4/6/2015,22
4/19/2015,31
4/26/2015,15
4/6/2015,13
4/8/2015,11
4/26/2015,16
4/25/2015,17
4/6/2015,31
5/3/2015,10
4/6/2015,4
4/22/2015,19
4/26/2015,119
4/6/2015,8
4/26/2015,37
4/8/2015,15
4/7/2015,8
4/6/2015,35
4/25/2015,14
4/6/2015,67
4/8/2015,13
4/19/2015,0
4/6/2015,21
4/6/2015,1
4/6/2015,10
4/24/2015,6
4/8/2015,41
4/8/2015,31
4/27/2015,8
4/26/2015,2
4/26/2015,41
4/7/2015,32
4/14/2015,16
4/26/2015,5
4/8/2015,20
4/8/2015,42
4/8/2015,60
4/6/2015,12
4/19/2015,88
4/6/2015,10
4/6/2015,9
4/8/2015,13
4/26/2015,9
4/19/2015,4
4/11/2015,40
4/6/2015,20
4/25/2015,52
4/26/2015,17
4/6/2015,17
4/7/2015,64
4/6/2015,47
4/8/2015,62
4/27/2015,64
4/8/2015,26
4/7/2015,64
4/6/2015,8
4/26/2015,33
4/8/2015,16
4/6/2015,4
4/26/2015,14
4/8/2015,84
4/26/2015,34
4/6/2015,9
4/25/2015,11
4/26/2015,38
4/25/2015,52
4/26/2015,15
4/8/2015,2
4/25/2015,53
4/6/2015,201
4/7/2015,9
4/25/2015,38
4/26/2015,26
4/6/2015,17
4/26/2015,55
4/8/2015,5
4/8/2015,13
4/25/2015,160
4/26/2015,5
4/6/2015,84
4/7/2015,1
4/6/2015,29
4/8/2015,7
4/27/2015,45
4/8/2015,2
4/7/2015,1
4/6/2015,47
4/26/2015,15
4/8/2015,17
4/6/2015,53
4/26/2015,29
4/8/2015,65
4/26/2015,59
4/6/2015,11
4/25/2015,3
4/26/2015,56
4/25/2015,47
4/26/2015,83
4/8/2015,13
4/25/2015,9
4/6/2015,81
4/7/2015,149
4/25/2015,17
4/26/2015,41
4/6/2015,71
4/26/2015,10
4/8/2015,1
4/8/2015,9
4/8/2015,24
4/6/2015,9
4/26/2015,102
4/6/2015,39
4/19/2015,7
4/26/2015,47
4/24/2015,11
4/8/2015,60
4/26/2015,16
4/6/2015,14
4/26/2015,28
4/6/2015,49
4/25/2015,27
4/6/2015,40
4/26/2015,60
4/8/2015,21
4/6/2015,11
4/26/2015,27
4/26/2015,4
4/11/2015,4
4/26/2015,27
4/5/2015,13
4/6/2015,11
4/8/2015,45
4/6/2015,209
4/6/2015,21
4/6/2015,63
4/27/2015,15
4/26/2015,8
4/6/2015,36
4/6/2015,8
4/7/2015,14
4/27/2015,25
4/6/2015,0
5/3/2015,7
4/26/2015,8
4/6/2015,26
4/26/2015,18
4/6/2015,39
4/6/2015,8
4/25/2015,42
4/6/2015,2
4/6/2015,26
4/7/2015,22
4/25/2015,10
4/26/2015,102
4/6/2015,41
4/26/2015,134
4/8/2015,66
4/8/2015,7
4/25/2015,9
4/26/2015,7
4/6/2015,44
4/7/2015,8
4/6/2015,2
4/8/2015,31
4/27/2015,16
4/8/2015,39
4/7/2015,4
4/6/2015,17
4/26/2015,26
4/8/2015,22
4/6/2015,6
4/26/2015,24
4/8/2015,38
4/26/2015,6
4/6/2015,18
4/25/2015,18
4/26/2015,2
4/25/2015,30
4/26/2015,43
4/8/2015,23
4/25/2015,40
4/6/2015,8
4/7/2015,6
4/25/2015,13
4/26/2015,13
4/6/2015,13
4/26/2015,11
4/8/2015,41
4/8/2015,3
4/8/2015,2
4/6/2015,57
4/26/2015,24
4/6/2015,12
4/19/2015,45
4/26/2015,19
4/24/2015,11
4/8/2015,88
4/26/2015,1
4/6/2015,52
4/26/2015,21
4/6/2015,25
4/25/2015,6
4/6/2015,5
4/26/2015,51
4/8/2015,31
4/6/2015,44
4/26/2015,31
4/26/2015,5
4/11/2015,30
4/26/2015,1
4/5/2015,19
4/6/2015,25
4/8/2015,17
4/6/2015,4
4/6/2015,9
4/6/2015,3
4/27/2015,9
4/26/2015,2
4/6/2015,6
4/6/2015,6
4/7/2015,34
4/27/2015,10
4/6/2015,23
5/3/2015,16
4/26/2015,19
4/6/2015,16
4/26/2015,3
4/6/2015,62
4/6/2015,8
4/25/2015,7
4/6/2015,26
4/6/2015,35
4/7/2015,2
4/26/2015,19
4/6/2015,11
4/6/2015,4
4/19/2015,15
4/6/2015,22
4/6/2015,9
4/11/2015,4
4/24/2015,28
4/6/2015,41
4/25/2015,1
4/8/2015,29
4/25/2015,2
4/6/2015,22
4/8/2015,13
4/6/2015,17
4/26/2015,13
4/6/2015,7
4/6/2015,6
3/28/2015,87
4/6/2015,24
4/6/2015,11
4/26/2015,34
4/23/2015,9
4/8/2015,7
4/18/2015,24
4/26/2015,0
4/26/2015,10
4/8/2015,32
4/26/2015,38
4/8/2015,90
4/7/2015,43
4/6/2015,0
4/26/2015,11
4/25/2015,20
4/7/2015,22
4/5/2015,24
4/8/2015,8
4/26/2015,13
4/6/2015,0
4/26/2015,33
4/3/2015,1
4/26/2015,11
4/6/2015,15
4/6/2015,8
4/27/2015,4
4/26/2015,28
4/6/2015,18
4/6/2015,8
4/7/2015,21
4/27/2015,24
4/6/2015,23
5/3/2015,24
4/26/2015,51
4/6/2015,14
4/26/2015,18
4/6/2015,182
4/6/2015,23
4/25/2015,14
4/6/2015,1
4/6/2015,81
4/7/2015,0
4/26/2015,7
4/6/2015,17
4/6/2015,23
4/19/2015,2
4/6/2015,7
4/6/2015,10
4/11/2015,7
4/24/2015,12
4/6/2015,20
4/25/2015,24
4/8/2015,83
4/25/2015,19
4/6/2015,5
4/8/2015,34
4/6/2015,16
4/26/2015,3
4/6/2015,16
4/6/2015,10
3/28/2015,43
4/6/2015,5
4/6/2015,48
4/26/2015,9
4/23/2015,2
4/8/2015,19
4/18/2015,16
4/26/2015,5
4/26/2015,41
4/8/2015,13
4/26/2015,11
4/8/2015,17
4/7/2015,86
4/6/2015,16
4/26/2015,42
4/25/2015,11
4/7/2015,8
4/5/2015,3
4/8/2015,5
4/26/2015,13
4/6/2015,21
4/26/2015,2
4/3/2015,3
4/26/2015,7
4/21/2015,4
4/26/2015,6
4/7/2015,13
4/26/2015,1
4/26/2015,4
4/25/2015,98
4/21/2015,22
4/8/2015,54
4/25/2015,30
5/2/2015,8
4/4/2015,30
4/26/2015,9
4/25/2015,5
4/26/2015,25
4/6/2015,5
4/19/2015,41
4/26/2015,0
4/6/2015,42
4/8/2015,8
4/26/2015,1
4/25/2015,10
4/6/2015,7
5/3/2015,15
4/6/2015,12
4/22/2015,28
4/26/2015,2
4/6/2015,15
4/26/2015,23
4/8/2015,10
4/7/2015,40
4/6/2015,10
4/25/2015,6
4/6/2015,10
4/8/2015,4
4/19/2015,15
4/6/2015,4
4/6/2015,7
4/6/2015,11
4/24/2015,14
4/8/2015,156
4/8/2015,9
4/27/2015,7
4/26/2015,33
4/26/2015,3
4/7/2015,10
4/14/2015,6
4/26/2015,11
4/8/2015,2
4/8/2015,0
4/8/2015,5
4/6/2015,47
4/19/2015,12
4/6/2015,5
4/6/2015,26
4/8/2015,2
4/26/2015,18
4/19/2015,4
4/11/2015,21
4/6/2015,4
4/6/2015,1
5/2/2015,19
4/6/2015,14
4/7/2015,5
4/8/2015,4
4/26/2015,9
4/19/2015,3
4/26/2015,15
4/6/2015,52
4/26/2015,118
4/6/2015,53
3/22/2015,37
4/7/2015,1
4/25/2015,3
4/6/2015,3
4/26/2015,1
4/26/2015,6
4/26/2015,5
4/5/2015,2
4/19/2015,2
4/8/2015,8
4/6/2015,32
4/26/2015,8
4/8/2015,21
4/8/2015,3
4/7/2015,0
4/25/2015,5
4/19/2015,4
4/8/2015,20
4/26/2015,4
5/1/2015,5
4/27/2015,5
4/26/2015,25
4/6/2015,1
4/6/2015,19
4/7/2015,34
4/29/2015,12
4/6/2015,5
4/8/2015,2
4/2/2015,5
4/6/2015,5
3/30/2015,4
4/26/2015,22
4/26/2015,9
4/27/2015,4
4/6/2015,6
4/6/2015,4
4/8/2015,4
4/8/2015,2
4/6/2015,4
4/24/2015,4
4/25/2015,9
4/6/2015,4
4/6/2015,1
4/25/2015,9
4/6/2015,0
4/6/2015,22
4/6/2015,2
4/8/2015,37
4/8/2015,2
4/6/2015,2
4/8/2015,8
4/6/2015,4
4/6/2015,29
4/6/2015,3
4/8/2015,6
4/26/2015,9
4/26/2015,8
4/6/2015,3
4/7/2015,2
4/5/2015,6
4/26/2015,6
4/6/2015,11
4/6/2015,2
4/7/2015,23
4/6/2015,32
4/8/2015,47
4/6/2015,4
4/6/2015,28
4/6/2015,2
4/7/2015,42
4/8/2015,19
4/6/2015,3
4/6/2015,1
4/6/2015,3
4/6/2015,2
4/6/2015,7
4/6/2015,29
4/6/2015,4
4/6/2015,6
4/6/2015,4
4/6/2015,2
4/6/2015,7
4/6/2015,3
4/6/2015,22
4/6/2015,41
4/6/2015,6
4/6/2015,25
4/6/2015,9
4/6/2015,5
4/6/2015,1
4/6/2015,2
4/6/2015,3
4/6/2015,13
4/6/2015,9
4/27/2015,15
4/6/2015,11
4/25/2015,23
4/6/2015,2
4/6/2015,5
4/6/2015,11
4/6/2015,0
4/6/2015,11
4/6/2015,9
4/6/2015,0
4/6/2015,6
4/22/2015,1
4/26/2015,25
4/6/2015,5
4/26/2015,2
4/8/2015,2
4/7/2015,0
4/6/2015,9
4/25/2015,1
4/6/2015,3
4/8/2015,4
4/19/2015,4
4/6/2015,2
4/6/2015,0
4/6/2015,2
4/24/2015,0
4/8/2015,3
4/8/2015,0
4/27/2015,4
4/26/2015,3
4/26/2015,19
4/7/2015,6
4/14/2015,0
4/26/2015,51
4/8/2015,5
4/8/2015,5
4/8/2015,19
4/6/2015,1
4/19/2015,2
4/6/2015,14
4/6/2015,4
4/8/2015,31
4/26/2015,0
4/19/2015,1
4/11/2015,5
4/6/2015,7
4/25/2015,0
4/26/2015,7
4/6/2015,31
4/7/2015,6
4/6/2015,1
4/8/2015,1
4/27/2015,7
4/8/2015,0
4/7/2015,4
4/6/2015,8
4/26/2015,1
4/8/2015,2
4/6/2015,2
4/26/2015,3
4/8/2015,5
4/26/2015,1
4/6/2015,3
4/25/2015,21
4/26/2015,1
4/25/2015,0
4/26/2015,19
4/8/2015,1
4/25/2015,1
4/6/2015,0
4/7/2015,0
4/25/2015,1
4/26/2015,1
4/6/2015,1
4/26/2015,20
4/8/2015,9
4/8/2015,2
4/25/2015,1
4/26/2015,3
4/6/2015,2
4/7/2015,3
4/6/2015,12
4/8/2015,0
4/27/2015,74
4/8/2015,7
4/7/2015,3
4/6/2015,24
4/26/2015,1
4/8/2015,0
4/6/2015,0
4/26/2015,0
4/8/2015,2
4/26/2015,3
4/6/2015,1
4/25/2015,1
4/26/2015,2
4/25/2015,3
4/26/2015,1
4/8/2015,0
4/25/2015,1
4/6/2015,3
4/7/2015,3
4/25/2015,3
4/26/2015,0
4/6/2015,5
4/26/2015,1
4/8/2015,0
4/8/2015,2
4/8/2015,1
4/6/2015,1
4/26/2015,0
4/6/2015,2
4/19/2015,39
4/26/2015,1
4/24/2015,1
4/8/2015,11
4/26/2015,0
4/6/2015,1
4/26/2015,27
4/6/2015,0
4/25/2015,1
4/6/2015,1
4/26/2015,1
4/8/2015,1
4/6/2015,9
4/26/2015,0
4/26/2015,40
4/11/2015,1
4/26/2015,0
4/5/2015,0
4/6/2015,5
4/8/2015,31
4/6/2015,1
4/6/2015,0
4/6/2015,1
4/27/2015,0
4/26/2015,18
4/6/2015,0
4/6/2015,0
4/7/2015,0
4/27/2015,0
4/6/2015,0
5/3/2015,0
4/26/2015,0
4/6/2015,0
4/26/2015,0
4/6/2015,0
4/6/2015,0
4/25/2015,0
4/6/2015,0
4/6/2015,0
4/7/2015,0
4/25/2015,0
4/26/2015,0
4/6/2015,143
4/26/2015,0
4/8/2015,0
4/8/2015,0
4/25/2015,0
4/26/2015,1
4/6/2015,14
4/7/2015,11
4/6/2015,0
4/8/2015,0
4/27/2015,0
4/8/2015,0
4/7/2015,19
4/6/2015,18
4/26/2015,0
4/8/2015,0
4/6/2015,0
4/26/2015,0
4/8/2015,0
4/26/2015,0
4/6/2015,0
4/25/2015,90
4/26/2015,0
4/25/2015,0
4/26/2015,0
4/8/2015,3
4/25/2015,8
4/6/2015,3
4/7/2015,1
4/25/2015,0
4/26/2015,0
4/6/2015,0
4/26/2015,0
4/8/2015,2
4/8/2015,33
4/8/2015,96
4/6/2015,78
4/26/2015,12
4/6/2015,126
4/19/2015,20
4/26/2015,87
4/24/2015,12
4/8/2015,59
4/26/2015,13
4/6/2015,6
4/26/2015,113
4/6/2015,0
4/25/2015,3
4/6/2015,3
4/26/2015,1
4/8/2015,14
4/6/2015,3
4/26/2015,77
4/26/2015,2
4/11/2015,1
4/26/2015,0
4/5/2015,29
4/6/2015,2
4/8/2015,0
4/6/2015,29
4/6/2015,37
4/6/2015,20
4/27/2015,4
4/26/2015,0
4/6/2015,26
4/6/2015,4
4/7/2015,72
4/27/2015,151
4/6/2015,7
5/3/2015,177
4/26/2015,19
4/6/2015,5
4/26/2015,3
4/6/2015,54
4/6/2015,10
4/25/2015,19
4/6/2015,26
4/6/2015,27
4/7/2015,3
4/26/2015,236
4/6/2015,16
4/6/2015,22
4/19/2015,29
4/6/2015,8
4/6/2015,84
4/11/2015,57
4/24/2015,18
4/6/2015,36
4/25/2015,55
4/8/2015,13
4/25/2015,216
4/6/2015,0
4/8/2015,15
4/6/2015,7
4/26/2015,2
4/6/2015,15
4/6/2015,22
3/28/2015,24
4/6/2015,63
4/6/2015,79
4/26/2015,327
4/23/2015,6
4/8/2015,96
4/18/2015,69
4/26/2015,27
4/26/2015,42
4/8/2015,4
4/26/2015,162
4/8/2015,27
4/7/2015,40
4/6/2015,117
4/26/2015,8
4/25/2015,4
4/7/2015,33
4/5/2015,54
4/8/2015,8
4/26/2015,2
4/6/2015,0
4/26/2015,38
4/3/2015,21
4/26/2015,37
4/6/2015,22
4/6/2015,24
4/27/2015,8
4/26/2015,17
4/6/2015,32
4/6/2015,36
4/7/2015,18
4/27/2015,5
4/6/2015,49
5/3/2015,6
4/26/2015,14
4/6/2015,60
4/26/2015,8
4/6/2015,7
4/6/2015,5
4/25/2015,29
4/6/2015,13
4/6/2015,26
4/7/2015,14
4/26/2015,32
4/6/2015,122
4/6/2015,13
4/19/2015,0
4/6/2015,15
4/6/2015,3
4/11/2015,31
4/24/2015,11
4/6/2015,6
4/25/2015,82
4/8/2015,14
4/25/2015,19
4/6/2015,11
4/8/2015,51
4/6/2015,40
4/26/2015,15
4/6/2015,6
4/6/2015,4
3/28/2015,159
4/6/2015,28
4/6/2015,15
4/26/2015,16
4/23/2015,13
4/8/2015,11
4/18/2015,10
4/26/2015,37
4/26/2015,10
4/8/2015,15
4/26/2015,14
4/8/2015,33
4/7/2015,10
4/6/2015,5
4/26/2015,1
4/25/2015,19
4/7/2015,7
4/5/2015,7
4/8/2015,3
4/26/2015,4
4/6/2015,8
4/26/2015,22
4/3/2015,26
4/26/2015,0
4/21/2015,9
4/26/2015,3
4/7/2015,7
4/26/2015,2
4/26/2015,6
4/25/2015,26
4/21/2015,11
4/8/2015,1
4/25/2015,2
5/2/2015,24
4/4/2015,2
4/26/2015,5
4/25/2015,1
4/26/2015,4
4/6/2015,2
4/19/2015,8
4/26/2015,5
4/6/2015,6
4/8/2015,14
4/26/2015,1
4/25/2015,46
4/6/2015,1
5/3/2015,34
4/6/2015,9
4/22/2015,17
4/26/2015,101
4/6/2015,60
4/26/2015,42
4/8/2015,2
4/7/2015,27
4/6/2015,2
4/25/2015,11
4/6/2015,20
4/8/2015,3
4/19/2015,2
4/6/2015,7
4/6/2015,8
4/6/2015,7
4/24/2015,8
4/8/2015,2
4/8/2015,8
4/27/2015,16
4/26/2015,6
4/26/2015,28
4/7/2015,17
4/14/2015,6
4/26/2015,10
4/8/2015,11
4/8/2015,5
4/8/2015,2
4/6/2015,1
4/19/2015,13
4/6/2015,9
4/6/2015,11
4/8/2015,17
4/26/2015,7
4/19/2015,8
4/11/2015,0
4/6/2015,5
4/6/2015,29
5/2/2015,8
4/6/2015,0
4/7/2015,10
4/8/2015,14
4/26/2015,10
4/19/2015,5
4/26/2015,11
4/6/2015,18
4/26/2015,4
4/6/2015,5
3/22/2015,14
4/7/2015,2
4/25/2015,6
4/6/2015,13
4/26/2015,7
4/26/2015,21
4/26/2015,5
4/5/2015,35
4/19/2015,13
4/8/2015,5
4/6/2015,54
4/26/2015,4
4/8/2015,11
4/8/2015,0
4/7/2015,7
4/25/2015,13
4/19/2015,3
4/8/2015,2
4/26/2015,19
5/1/2015,8
4/27/2015,6
4/26/2015,4
4/6/2015,2
4/6/2015,5
4/7/2015,9
4/29/2015,3
4/6/2015,3
4/8/2015,6
4/2/2015,44
4/6/2015,1
3/30/2015,12
4/26/2015,18
4/26/2015,3
4/27/2015,4
4/6/2015,3
4/6/2015,2
4/8/2015,6
4/8/2015,3
4/6/2015,0
4/24/2015,15
4/25/2015,0
4/6/2015,2
4/6/2015,0
4/25/2015,4
4/6/2015,16
4/6/2015,1
4/6/2015,2
4/8/2015,11
4/8/2015,0
4/6/2015,2
4/8/2015,1
4/6/2015,1
4/6/2015,1
4/6/2015,1
4/8/2015,0
4/26/2015,4
4/26/2015,1
4/6/2015,4
4/7/2015,0
4/5/2015,0
4/26/2015,1
4/6/2015,3
4/6/2015,7
4/7/2015,3
4/6/2015,10
4/8/2015,0
4/6/2015,12
4/6/2015,0
4/6/2015,2
4/7/2015,9
4/8/2015,1
4/6/2015,7
4/6/2015,6
4/6/2015,2
4/6/2015,4
4/6/2015,3
4/6/2015,1
4/6/2015,0
4/6/2015,3
4/6/2015,9
4/6/2015,1
4/6/2015,10
4/6/2015,18
4/6/2015,8
4/6/2015,3
4/6/2015,7
4/6/2015,8
4/6/2015,4
4/6/2015,4
4/6/2015,5
4/6/2015,0
4/6/2015,7
4/6/2015,5
4/6/2015,9
4/27/2015,8
4/6/2015,1
4/25/2015,3
4/6/2015,3
4/6/2015,0
4/6/2015,4
4/6/2015,10
4/6/2015,4
4/6/2015,0
4/6/2015,7
5/3/2015,3
5/1/2015,0
5/3/2015,6
5/3/2015,2
5/3/2015,0
5/3/2015,2
5/3/2015,6
5/3/2015,0
5/3/2015,0
5/3/2015,0
